event_id,road_segment_id,event_date,event_type,department,contractor,work_description,work_status,start_date,completion_date,reference_number,estimated_cost,road_cutting,restoration_required,restoration_completed,notes
EVT_000001,RD_00604,13-08-2026,Drainage_Work,TANGEDCO,Contractor_04,Road resurfacing,Completed,13-08-2026,20-08-2026,GCC/ROAD/2026/8770,499026,No,No,N/A,Synthetic prototype intervention record
EVT_000002,RD_00499,17-06-2026,Drainage_Work,Chennai Metro Water,Contractor_03,Drainage maintenance,Completed,17-06-2026,18-06-2026,GCC/ROAD/2026/3000,513505,No,No,N/A,Synthetic prototype intervention record
EVT_000003,RD_00036,03-03-2026,Drainage_Work,Chennai Metro Water,Contractor_24,Utility excavation and restoration,Completed,03-03-2026,05-03-2026,GCC/ROAD/2026/3455,653654,No,No,N/A,Synthetic prototype intervention record
EVT_000004,RD_00733,31-08-2026,Utility_Work,TANGEDCO,Contractor_02,Drainage maintenance,Completed,31-08-2026,14-09-2026,GCC/ROAD/2026/7939,398219,Yes,Yes,Yes,Synthetic prototype intervention record
EVT_000005,RD_00806,17-08-2026,Road_Repair,GCC Roads,Contractor_30,Emergency road repair,Completed,17-08-2026,30-08-2026,GCC/ROAD/2026/2871,197369,No,No,N/A,Synthetic prototype intervention record
EVT_000006,RD_00019,25-05-2026,Road_Repair,GCC Roads,Contractor_22,Surface repair and maintenance,Completed,25-05-2026,06-06-2026,GCC/ROAD/2026/3338,589091,No,No,N/A,Synthetic prototype intervention record
EVT_000007,RD_00160,31-05-2026,Road_Repair,GCC Roads,Contractor_22,Surface repair and maintenance,Completed,31-05-2026,07-06-2026,GCC/ROAD/2026/3403,396575,No,No,N/A,Synthetic prototype intervention record
EVT_000008,RD_00902,08-07-2026,Utility_Work,Chennai Metro Water,Contractor_02,Road resurfacing,Completed,08-07-2026,12-07-2026,GCC/ROAD/2026/6184,585384,Yes,Yes,Yes,Synthetic prototype intervention record
EVT_000009,RD_00407,03-08-2026,Resurfacing,GCC Roads,Contractor_12,Emergency road repair,Completed,03-08-2026,09-08-2026,GCC/ROAD/2026/2645,578126,No,No,N/A,Synthetic prototype intervention record
EVT_000010,RD_00899,31-01-2026,Drainage_Work,Telecom Utility,Contractor_19,Drainage maintenance,Completed,31-01-2026,03-02-2026,GCC/ROAD/2026/7515,695543,No,No,N/A,Synthetic prototype intervention record
EVT_000011,RD_00768,13-04-2026,Road_Repair,GCC Roads,Contractor_29,Emergency road repair,Completed,13-04-2026,26-04-2026,GCC/ROAD/2026/1179,113627,No,No,N/A,Synthetic prototype intervention record
EVT_000012,RD_00707,25-03-2026,Resurfacing,GCC Roads,Contractor_10,Surface repair and maintenance,Completed,25-03-2026,29-03-2026,GCC/ROAD/2026/2161,495780,No,No,N/A,Synthetic prototype intervention record
EVT_000013,RD_00021,13-05-2026,Resurfacing,GCC Roads,Contractor_09,Surface repair and maintenance,Completed,13-05-2026,22-05-2026,GCC/ROAD/2026/4889,512875,No,No,N/A,Synthetic prototype intervention record
EVT_000014,RD_00729,27-01-2026,Road_Restoration,Chennai Metro Water,Contractor_17,Road resurfacing,Completed,27-01-2026,10-02-2026,GCC/ROAD/2026/8777,63722,No,No,N/A,Synthetic prototype intervention record
EVT_000015,RD_00940,14-06-2026,Emergency_Repair,GCC Roads,Contractor_01,Drainage maintenance,Completed,14-06-2026,15-06-2026,GCC/ROAD/2026/4855,673187,No,No,N/A,Synthetic prototype intervention record
EVT_000016,RD_00092,01-08-2026,Construction,Chennai Metro Water,Contractor_21,Drainage maintenance,Completed,01-08-2026,10-08-2026,GCC/ROAD/2026/1222,132686,No,No,N/A,Synthetic prototype intervention record
EVT_000017,RD_00124,01-04-2026,Pothole_Repair,GCC Roads,Contractor_06,Utility excavation and restoration,Completed,01-04-2026,04-04-2026,GCC/ROAD/2026/6173,271446,No,No,N/A,Synthetic prototype intervention record
EVT_000018,RD_00708,25-03-2026,Road_Restoration,Telecom Utility,Contractor_29,Utility excavation and restoration,Completed,25-03-2026,02-04-2026,GCC/ROAD/2026/2781,334570,No,No,N/A,Synthetic prototype intervention record
EVT_000019,RD_00921,30-05-2026,Road_Repair,GCC Roads,Contractor_14,Surface repair and maintenance,Completed,30-05-2026,09-06-2026,GCC/ROAD/2026/1691,101207,No,No,N/A,Synthetic prototype intervention record
EVT_000020,RD_00445,08-05-2026,Construction,Telecom Utility,Contractor_27,Drainage maintenance,Completed,08-05-2026,18-05-2026,GCC/ROAD/2026/4469,205211,No,No,N/A,Synthetic prototype intervention record
EVT_000021,RD_00002,01-02-2026,Resurfacing,GCC Roads,Contractor_13,Road resurfacing,Completed,01-02-2026,13-02-2026,GCC/ROAD/2026/4223,238746,No,No,N/A,Synthetic prototype intervention record
EVT_000022,RD_00076,04-05-2026,Resurfacing,GCC Roads,Contractor_26,Utility excavation and restoration,Completed,04-05-2026,10-05-2026,GCC/ROAD/2026/9261,141729,No,No,N/A,Synthetic prototype intervention record
EVT_000023,RD_00989,11-03-2026,Road_Repair,GCC Roads,Contractor_22,Utility excavation and restoration,Completed,11-03-2026,20-03-2026,GCC/ROAD/2026/6158,310002,No,No,N/A,Synthetic prototype intervention record
EVT_000024,RD_00242,28-06-2026,Road_Repair,GCC Roads,Contractor_13,Utility excavation and restoration,Completed,28-06-2026,30-06-2026,GCC/ROAD/2026/3855,164398,No,No,N/A,Synthetic prototype intervention record
EVT_000025,RD_00957,06-01-2026,Resurfacing,GCC Roads,Contractor_11,Utility excavation and restoration,Completed,06-01-2026,16-01-2026,GCC/ROAD/2026/6088,717240,No,No,N/A,Synthetic prototype intervention record
EVT_000026,RD_00881,07-06-2026,Utility_Excavation,TANGEDCO,Contractor_16,Surface repair and maintenance,Completed,07-06-2026,09-06-2026,GCC/ROAD/2026/6969,180556,Yes,Yes,Yes,Synthetic prototype intervention record
EVT_000027,RD_00845,11-01-2026,Construction,TANGEDCO,Contractor_18,Pothole filling,Completed,11-01-2026,12-01-2026,GCC/ROAD/2026/9236,327832,No,No,N/A,Synthetic prototype intervention record
EVT_000028,RD_00203,20-05-2026,Road_Repair,GCC Roads,Contractor_12,Drainage maintenance,Completed,20-05-2026,22-05-2026,GCC/ROAD/2026/5925,448774,No,No,N/A,Synthetic prototype intervention record
EVT_000029,RD_00287,09-02-2026,Utility_Excavation,Other Utility Agency,Contractor_12,Emergency road repair,Completed,09-02-2026,17-02-2026,GCC/ROAD/2026/9995,364236,Yes,Yes,Yes,Synthetic prototype intervention record
EVT_000030,RD_00779,16-02-2026,Utility_Work,Chennai Metro Water,Contractor_07,Surface repair and maintenance,Completed,16-02-2026,02-03-2026,GCC/ROAD/2026/1976,433761,Yes,Yes,Yes,Synthetic prototype intervention record
EVT_000031,RD_00445,10-01-2026,Road_Repair,GCC Roads,Contractor_10,Utility excavation and restoration,Completed,10-01-2026,23-01-2026,GCC/ROAD/2026/7444,279881,No,No,N/A,Synthetic prototype intervention record
EVT_000032,RD_00647,27-03-2026,Emergency_Repair,GCC Roads,Contractor_05,Emergency road repair,Completed,27-03-2026,03-04-2026,GCC/ROAD/2026/3477,163411,No,No,N/A,Synthetic prototype intervention record
EVT_000033,RD_00857,16-02-2026,Resurfacing,GCC Roads,Contractor_10,Surface repair and maintenance,Completed,16-02-2026,27-02-2026,GCC/ROAD/2026/4074,240740,No,No,N/A,Synthetic prototype intervention record
EVT_000034,RD_00354,10-03-2026,Drainage_Work,TANGEDCO,Contractor_15,Road resurfacing,Completed,10-03-2026,24-03-2026,GCC/ROAD/2026/9011,628623,No,No,N/A,Synthetic prototype intervention record
EVT_000035,RD_00397,09-02-2026,Drainage_Work,Chennai Metro Water,Contractor_06,Road resurfacing,Completed,09-02-2026,12-02-2026,GCC/ROAD/2026/7465,474781,No,No,N/A,Synthetic prototype intervention record
EVT_000036,RD_00429,09-01-2026,Road_Restoration,Chennai Metro Water,Contractor_09,Drainage maintenance,Completed,09-01-2026,17-01-2026,GCC/ROAD/2026/5989,226474,No,No,N/A,Synthetic prototype intervention record
EVT_000037,RD_00774,16-01-2026,Road_Repair,GCC Roads,Contractor_06,Utility excavation and restoration,Completed,16-01-2026,30-01-2026,GCC/ROAD/2026/8582,559243,No,No,N/A,Synthetic prototype intervention record
EVT_000038,RD_00108,13-06-2026,Pothole_Repair,GCC Roads,Contractor_07,Emergency road repair,Completed,13-06-2026,20-06-2026,GCC/ROAD/2026/3629,293980,No,No,N/A,Synthetic prototype intervention record
EVT_000039,RD_00834,26-01-2026,Road_Cutting,Telecom Utility,Contractor_03,Road resurfacing,Completed,26-01-2026,29-01-2026,GCC/ROAD/2026/6504,109959,Yes,Yes,Yes,Synthetic prototype intervention record
EVT_000040,RD_00596,08-02-2026,Road_Cutting,TANGEDCO,Contractor_17,Emergency road repair,Completed,08-02-2026,14-02-2026,GCC/ROAD/2026/4655,685945,Yes,Yes,Yes,Synthetic prototype intervention record
EVT_000041,RD_00769,16-06-2026,Utility_Excavation,Other Utility Agency,Contractor_22,Utility excavation and restoration,Completed,16-06-2026,17-06-2026,GCC/ROAD/2026/7495,93241,Yes,Yes,Yes,Synthetic prototype intervention record
EVT_000042,RD_00895,19-06-2026,Construction,TANGEDCO,Contractor_08,Utility excavation and restoration,Completed,19-06-2026,24-06-2026,GCC/ROAD/2026/1940,447546,No,No,N/A,Synthetic prototype intervention record
EVT_000043,RD_00596,07-02-2026,Utility_Work,Chennai Metro Water,Contractor_15,Drainage maintenance,Completed,07-02-2026,16-02-2026,GCC/ROAD/2026/1928,382059,Yes,Yes,No,Synthetic prototype intervention record
EVT_000044,RD_00816,05-01-2026,Utility_Work,Other Utility Agency,Contractor_10,Utility excavation and restoration,Completed,05-01-2026,13-01-2026,GCC/ROAD/2026/5299,325878,Yes,Yes,Yes,Synthetic prototype intervention record
EVT_000045,RD_00365,23-06-2026,Utility_Work,Chennai Metro Water,Contractor_03,Road resurfacing,Completed,23-06-2026,06-07-2026,GCC/ROAD/2026/1132,620361,Yes,Yes,Yes,Synthetic prototype intervention record
EVT_000046,RD_00296,26-07-2026,Utility_Work,Chennai Metro Water,Contractor_21,Utility excavation and restoration,Completed,26-07-2026,09-08-2026,GCC/ROAD/2026/7357,558312,Yes,Yes,No,Synthetic prototype intervention record
EVT_000047,RD_00830,24-02-2026,Utility_Excavation,Chennai Metro Water,Contractor_04,Road resurfacing,Completed,24-02-2026,28-02-2026,GCC/ROAD/2026/2404,739444,Yes,Yes,Yes,Synthetic prototype intervention record
EVT_000048,RD_00249,06-02-2026,Pothole_Repair,GCC Roads,Contractor_25,Drainage maintenance,Completed,06-02-2026,14-02-2026,GCC/ROAD/2026/8854,291514,No,No,N/A,Synthetic prototype intervention record
EVT_000049,RD_00188,03-05-2026,Road_Repair,GCC Roads,Contractor_17,Emergency road repair,Completed,03-05-2026,04-05-2026,GCC/ROAD/2026/9025,295705,No,No,N/A,Synthetic prototype intervention record
EVT_000050,RD_00135,10-07-2026,Road_Repair,GCC Roads,Contractor_05,Drainage maintenance,Completed,10-07-2026,18-07-2026,GCC/ROAD/2026/3088,381842,No,No,N/A,Synthetic prototype intervention record
EVT_000051,RD_00829,30-08-2026,Utility_Excavation,Chennai Metro Water,Contractor_22,Drainage maintenance,Completed,30-08-2026,31-08-2026,GCC/ROAD/2026/9093,410618,Yes,Yes,Yes,Synthetic prototype intervention record
EVT_000052,RD_00871,21-03-2026,Resurfacing,GCC Roads,Contractor_25,Utility excavation and restoration,Completed,21-03-2026,27-03-2026,GCC/ROAD/2026/3249,434736,No,No,N/A,Synthetic prototype intervention record
EVT_000053,RD_00692,26-02-2026,Emergency_Repair,GCC Roads,Contractor_26,Pothole filling,Completed,26-02-2026,05-03-2026,GCC/ROAD/2026/3239,532478,No,No,N/A,Synthetic prototype intervention record
EVT_000054,RD_00070,18-02-2026,Road_Repair,GCC Roads,Contractor_29,Drainage maintenance,Completed,18-02-2026,02-03-2026,GCC/ROAD/2026/8208,140203,No,No,N/A,Synthetic prototype intervention record
EVT_000055,RD_00310,25-04-2026,Utility_Excavation,Chennai Metro Water,Contractor_06,Surface repair and maintenance,Completed,25-04-2026,08-05-2026,GCC/ROAD/2026/4283,284674,Yes,Yes,Yes,Synthetic prototype intervention record
EVT_000056,RD_00178,28-04-2026,Road_Repair,GCC Roads,Contractor_14,Road resurfacing,Completed,28-04-2026,11-05-2026,GCC/ROAD/2026/7588,324609,No,No,N/A,Synthetic prototype intervention record
EVT_000057,RD_00001,23-07-2026,Utility_Work,TANGEDCO,Contractor_07,Road resurfacing,Completed,23-07-2026,24-07-2026,GCC/ROAD/2026/4375,550718,Yes,Yes,Yes,Synthetic prototype intervention record
EVT_000058,RD_00248,07-03-2026,Pothole_Repair,GCC Roads,Contractor_20,Emergency road repair,Completed,07-03-2026,10-03-2026,GCC/ROAD/2026/5428,486744,No,No,N/A,Synthetic prototype intervention record
EVT_000059,RD_00690,24-03-2026,Pothole_Repair,GCC Roads,Contractor_06,Pothole filling,Completed,24-03-2026,06-04-2026,GCC/ROAD/2026/7025,733678,No,No,N/A,Synthetic prototype intervention record
EVT_000060,RD_00840,28-08-2026,Road_Repair,GCC Roads,Contractor_06,Emergency road repair,Completed,28-08-2026,11-09-2026,GCC/ROAD/2026/5005,663126,No,No,N/A,Synthetic prototype intervention record
EVT_000061,RD_00129,28-05-2026,Pothole_Repair,GCC Roads,Contractor_03,Pothole filling,Completed,28-05-2026,02-06-2026,GCC/ROAD/2026/2616,704893,No,No,N/A,Synthetic prototype intervention record
EVT_000062,RD_00888,02-08-2026,Utility_Excavation,TANGEDCO,Contractor_15,Surface repair and maintenance,Completed,02-08-2026,16-08-2026,GCC/ROAD/2026/9717,133166,Yes,Yes,Yes,Synthetic prototype intervention record
EVT_000063,RD_00336,29-04-2026,Road_Repair,GCC Roads,Contractor_03,Drainage maintenance,Completed,29-04-2026,02-05-2026,GCC/ROAD/2026/4739,319751,No,No,N/A,Synthetic prototype intervention record
EVT_000064,RD_00201,16-01-2026,Road_Repair,GCC Roads,Contractor_09,Drainage maintenance,Completed,16-01-2026,23-01-2026,GCC/ROAD/2026/8071,480466,No,No,N/A,Synthetic prototype intervention record
EVT_000065,RD_00255,02-07-2026,Pothole_Repair,GCC Roads,Contractor_08,Drainage maintenance,Completed,02-07-2026,06-07-2026,GCC/ROAD/2026/8892,405457,No,No,N/A,Synthetic prototype intervention record
EVT_000066,RD_00182,24-05-2026,Utility_Work,Telecom Utility,Contractor_17,Emergency road repair,Completed,24-05-2026,02-06-2026,GCC/ROAD/2026/2907,256357,Yes,Yes,Yes,Synthetic prototype intervention record
EVT_000067,RD_00846,19-01-2026,Road_Repair,GCC Roads,Contractor_07,Pothole filling,Completed,19-01-2026,24-01-2026,GCC/ROAD/2026/8571,580090,No,No,N/A,Synthetic prototype intervention record
EVT_000068,RD_00222,07-02-2026,Road_Repair,GCC Roads,Contractor_03,Surface repair and maintenance,Completed,07-02-2026,13-02-2026,GCC/ROAD/2026/7425,277295,No,No,N/A,Synthetic prototype intervention record
EVT_000069,RD_00684,21-02-2026,Road_Cutting,Telecom Utility,Contractor_25,Surface repair and maintenance,Completed,21-02-2026,03-03-2026,GCC/ROAD/2026/5576,681843,Yes,Yes,Yes,Synthetic prototype intervention record
EVT_000070,RD_00394,04-06-2026,Drainage_Work,Other Utility Agency,Contractor_05,Surface repair and maintenance,Completed,04-06-2026,07-06-2026,GCC/ROAD/2026/7094,533141,No,No,N/A,Synthetic prototype intervention record
EVT_000071,RD_00079,01-03-2026,Road_Repair,GCC Roads,Contractor_29,Utility excavation and restoration,Completed,01-03-2026,03-03-2026,GCC/ROAD/2026/4636,480702,No,No,N/A,Synthetic prototype intervention record
EVT_000072,RD_00947,16-07-2026,Road_Restoration,Telecom Utility,Contractor_05,Drainage maintenance,Completed,16-07-2026,18-07-2026,GCC/ROAD/2026/6529,304871,No,No,N/A,Synthetic prototype intervention record
EVT_000073,RD_00536,15-03-2026,Road_Repair,GCC Roads,Contractor_07,Pothole filling,Completed,15-03-2026,17-03-2026,GCC/ROAD/2026/3236,620149,No,No,N/A,Synthetic prototype intervention record
EVT_000074,RD_00526,30-08-2026,Road_Restoration,Chennai Metro Water,Contractor_11,Emergency road repair,Completed,30-08-2026,07-09-2026,GCC/ROAD/2026/3054,564700,No,No,N/A,Synthetic prototype intervention record
EVT_000075,RD_00278,08-02-2026,Construction,Other Utility Agency,Contractor_05,Emergency road repair,Completed,08-02-2026,22-02-2026,GCC/ROAD/2026/9604,545840,No,No,N/A,Synthetic prototype intervention record
EVT_000076,RD_00475,23-07-2026,Construction,Chennai Metro Water,Contractor_09,Emergency road repair,Completed,23-07-2026,25-07-2026,GCC/ROAD/2026/4723,448381,No,No,N/A,Synthetic prototype intervention record
EVT_000077,RD_00773,10-06-2026,Road_Repair,GCC Roads,Contractor_14,Road resurfacing,Completed,10-06-2026,14-06-2026,GCC/ROAD/2026/8350,730038,No,No,N/A,Synthetic prototype intervention record
EVT_000078,RD_00294,07-06-2026,Drainage_Work,TANGEDCO,Contractor_08,Surface repair and maintenance,Completed,07-06-2026,18-06-2026,GCC/ROAD/2026/6408,66246,No,No,N/A,Synthetic prototype intervention record
EVT_000079,RD_00976,17-02-2026,Road_Restoration,TANGEDCO,Contractor_25,Emergency road repair,Completed,17-02-2026,01-03-2026,GCC/ROAD/2026/5684,592287,No,No,N/A,Synthetic prototype intervention record
EVT_000080,RD_00636,16-05-2026,Drainage_Work,TANGEDCO,Contractor_19,Drainage maintenance,Completed,16-05-2026,17-05-2026,GCC/ROAD/2026/3172,515475,No,No,N/A,Synthetic prototype intervention record
EVT_000081,RD_00851,06-04-2026,Road_Restoration,Telecom Utility,Contractor_04,Drainage maintenance,Completed,06-04-2026,10-04-2026,GCC/ROAD/2026/5183,96854,No,No,N/A,Synthetic prototype intervention record
EVT_000082,RD_00302,06-02-2026,Emergency_Repair,GCC Roads,Contractor_14,Pothole filling,Completed,06-02-2026,09-02-2026,GCC/ROAD/2026/5828,320412,No,No,N/A,Synthetic prototype intervention record
EVT_000083,RD_00606,27-07-2026,Construction,Chennai Metro Water,Contractor_28,Pothole filling,Completed,27-07-2026,31-07-2026,GCC/ROAD/2026/5862,119082,No,No,N/A,Synthetic prototype intervention record
EVT_000084,RD_00919,22-08-2026,Utility_Work,TANGEDCO,Contractor_04,Surface repair and maintenance,Completed,22-08-2026,23-08-2026,GCC/ROAD/2026/3196,511645,Yes,Yes,Yes,Synthetic prototype intervention record
EVT_000085,RD_00597,10-01-2026,Road_Repair,GCC Roads,Contractor_03,Pothole filling,Completed,10-01-2026,15-01-2026,GCC/ROAD/2026/4807,422945,No,No,N/A,Synthetic prototype intervention record
EVT_000086,RD_00721,07-07-2026,Road_Repair,GCC Roads,Contractor_09,Surface repair and maintenance,Completed,07-07-2026,13-07-2026,GCC/ROAD/2026/3953,132186,No,No,N/A,Synthetic prototype intervention record
EVT_000087,RD_00921,23-02-2026,Road_Repair,GCC Roads,Contractor_29,Pothole filling,Completed,23-02-2026,09-03-2026,GCC/ROAD/2026/2153,121729,No,No,N/A,Synthetic prototype intervention record
EVT_000088,RD_00997,07-04-2026,Utility_Excavation,Telecom Utility,Contractor_11,Road resurfacing,Completed,07-04-2026,20-04-2026,GCC/ROAD/2026/9021,179837,Yes,Yes,Yes,Synthetic prototype intervention record
EVT_000089,RD_00070,24-02-2026,Resurfacing,GCC Roads,Contractor_22,Emergency road repair,Completed,24-02-2026,06-03-2026,GCC/ROAD/2026/4804,704645,No,No,N/A,Synthetic prototype intervention record
EVT_000090,RD_00719,29-01-2026,Resurfacing,GCC Roads,Contractor_23,Pothole filling,Completed,29-01-2026,03-02-2026,GCC/ROAD/2026/4997,364861,No,No,N/A,Synthetic prototype intervention record
EVT_000091,RD_00801,23-06-2026,Drainage_Work,TANGEDCO,Contractor_12,Emergency road repair,Completed,23-06-2026,03-07-2026,GCC/ROAD/2026/6913,36227,No,No,N/A,Synthetic prototype intervention record
EVT_000092,RD_00277,22-06-2026,Pothole_Repair,GCC Roads,Contractor_26,Drainage maintenance,Completed,22-06-2026,29-06-2026,GCC/ROAD/2026/1227,491022,No,No,N/A,Synthetic prototype intervention record
EVT_000093,RD_00712,09-02-2026,Resurfacing,GCC Roads,Contractor_19,Road resurfacing,Completed,09-02-2026,12-02-2026,GCC/ROAD/2026/6546,403364,No,No,N/A,Synthetic prototype intervention record
EVT_000094,RD_00889,09-06-2026,Road_Repair,GCC Roads,Contractor_23,Road resurfacing,Completed,09-06-2026,15-06-2026,GCC/ROAD/2026/4512,662012,No,No,N/A,Synthetic prototype intervention record
EVT_000095,RD_00375,18-03-2026,Utility_Work,Other Utility Agency,Contractor_08,Surface repair and maintenance,Completed,18-03-2026,27-03-2026,GCC/ROAD/2026/4620,514032,Yes,Yes,Yes,Synthetic prototype intervention record
EVT_000096,RD_00848,01-06-2026,Road_Restoration,Other Utility Agency,Contractor_08,Emergency road repair,Completed,01-06-2026,04-06-2026,GCC/ROAD/2026/4686,614852,No,No,N/A,Synthetic prototype intervention record
EVT_000097,RD_00994,07-03-2026,Emergency_Repair,GCC Roads,Contractor_27,Utility excavation and restoration,Completed,07-03-2026,13-03-2026,GCC/ROAD/2026/9750,746061,No,No,N/A,Synthetic prototype intervention record
EVT_000098,RD_00106,01-07-2026,Utility_Work,TANGEDCO,Contractor_15,Drainage maintenance,Completed,01-07-2026,05-07-2026,GCC/ROAD/2026/3607,348777,Yes,Yes,Yes,Synthetic prototype intervention record
EVT_000099,RD_00484,15-03-2026,Road_Repair,GCC Roads,Contractor_06,Utility excavation and restoration,Completed,15-03-2026,28-03-2026,GCC/ROAD/2026/9893,314279,No,No,N/A,Synthetic prototype intervention record
EVT_000100,RD_00684,01-01-2026,Road_Repair,GCC Roads,Contractor_26,Drainage maintenance,Completed,01-01-2026,13-01-2026,GCC/ROAD/2026/8574,610777,No,No,N/A,Synthetic prototype intervention record
EVT_000101,RD_00838,21-01-2026,Road_Cutting,TANGEDCO,Contractor_11,Pothole filling,Completed,21-01-2026,01-02-2026,GCC/ROAD/2026/4858,582483,Yes,Yes,No,Synthetic prototype intervention record
EVT_000102,RD_00300,01-01-2026,Utility_Work,Telecom Utility,Contractor_15,Drainage maintenance,Completed,01-01-2026,10-01-2026,GCC/ROAD/2026/1362,400201,Yes,Yes,Yes,Synthetic prototype intervention record
EVT_000103,RD_00579,12-08-2026,Pothole_Repair,GCC Roads,Contractor_02,Surface repair and maintenance,Completed,12-08-2026,25-08-2026,GCC/ROAD/2026/3006,120492,No,No,N/A,Synthetic prototype intervention record
EVT_000104,RD_00504,05-04-2026,Utility_Excavation,Other Utility Agency,Contractor_17,Pothole filling,Completed,05-04-2026,14-04-2026,GCC/ROAD/2026/9445,524343,Yes,Yes,Yes,Synthetic prototype intervention record
EVT_000105,RD_00506,27-01-2026,Road_Repair,GCC Roads,Contractor_02,Pothole filling,Completed,27-01-2026,01-02-2026,GCC/ROAD/2026/1806,175865,No,No,N/A,Synthetic prototype intervention record
EVT_000106,RD_00467,14-08-2026,Construction,Other Utility Agency,Contractor_10,Emergency road repair,Completed,14-08-2026,21-08-2026,GCC/ROAD/2026/6573,685066,No,No,N/A,Synthetic prototype intervention record
EVT_000107,RD_00211,15-02-2026,Pothole_Repair,GCC Roads,Contractor_27,Drainage maintenance,Completed,15-02-2026,28-02-2026,GCC/ROAD/2026/4103,84158,No,No,N/A,Synthetic prototype intervention record
EVT_000108,RD_00821,12-01-2026,Emergency_Repair,GCC Roads,Contractor_08,Road resurfacing,Completed,12-01-2026,18-01-2026,GCC/ROAD/2026/8839,219107,No,No,N/A,Synthetic prototype intervention record
EVT_000109,RD_00632,19-08-2026,Road_Cutting,Other Utility Agency,Contractor_05,Drainage maintenance,Completed,19-08-2026,30-08-2026,GCC/ROAD/2026/4921,63691,Yes,Yes,Yes,Synthetic prototype intervention record
EVT_000110,RD_00182,25-07-2026,Road_Repair,GCC Roads,Contractor_06,Utility excavation and restoration,Completed,25-07-2026,31-07-2026,GCC/ROAD/2026/8981,72917,No,No,N/A,Synthetic prototype intervention record
EVT_000111,RD_00467,13-08-2026,Drainage_Work,Telecom Utility,Contractor_06,Emergency road repair,Completed,13-08-2026,15-08-2026,GCC/ROAD/2026/5184,723467,No,No,N/A,Synthetic prototype intervention record
EVT_000112,RD_00271,23-01-2026,Road_Restoration,Other Utility Agency,Contractor_07,Surface repair and maintenance,Completed,23-01-2026,05-02-2026,GCC/ROAD/2026/8685,309600,No,No,N/A,Synthetic prototype intervention record
EVT_000113,RD_00681,14-01-2026,Road_Restoration,TANGEDCO,Contractor_09,Drainage maintenance,Completed,14-01-2026,24-01-2026,GCC/ROAD/2026/8601,472629,No,No,N/A,Synthetic prototype intervention record
EVT_000114,RD_00654,02-09-2026,Drainage_Work,Telecom Utility,Contractor_09,Drainage maintenance,Completed,02-09-2026,08-09-2026,GCC/ROAD/2026/8167,297872,No,No,N/A,Synthetic prototype intervention record
EVT_000115,RD_00774,17-01-2026,Utility_Excavation,Chennai Metro Water,Contractor_27,Drainage maintenance,Completed,17-01-2026,21-01-2026,GCC/ROAD/2026/4650,274199,Yes,Yes,Yes,Synthetic prototype intervention record
EVT_000116,RD_00850,01-07-2026,Resurfacing,GCC Roads,Contractor_19,Utility excavation and restoration,Completed,01-07-2026,03-07-2026,GCC/ROAD/2026/2105,246469,No,No,N/A,Synthetic prototype intervention record
EVT_000117,RD_00782,20-02-2026,Pothole_Repair,GCC Roads,Contractor_01,Road resurfacing,Completed,20-02-2026,03-03-2026,GCC/ROAD/2026/3579,211440,No,No,N/A,Synthetic prototype intervention record
EVT_000118,RD_00507,16-07-2026,Emergency_Repair,GCC Roads,Contractor_02,Drainage maintenance,Completed,16-07-2026,25-07-2026,GCC/ROAD/2026/4349,169146,No,No,N/A,Synthetic prototype intervention record
EVT_000119,RD_00931,18-08-2026,Utility_Excavation,Telecom Utility,Contractor_17,Emergency road repair,Completed,18-08-2026,01-09-2026,GCC/ROAD/2026/2584,271259,Yes,Yes,Yes,Synthetic prototype intervention record
EVT_000120,RD_00620,05-08-2026,Road_Repair,GCC Roads,Contractor_03,Utility excavation and restoration,Completed,05-08-2026,08-08-2026,GCC/ROAD/2026/9170,465290,No,No,N/A,Synthetic prototype intervention record
EVT_000121,RD_00393,27-03-2026,Road_Repair,GCC Roads,Contractor_16,Utility excavation and restoration,Completed,27-03-2026,31-03-2026,GCC/ROAD/2026/2371,99778,No,No,N/A,Synthetic prototype intervention record
EVT_000122,RD_00542,22-03-2026,Road_Repair,GCC Roads,Contractor_06,Drainage maintenance,Completed,22-03-2026,23-03-2026,GCC/ROAD/2026/9801,143572,No,No,N/A,Synthetic prototype intervention record
EVT_000123,RD_00770,11-04-2026,Utility_Work,Other Utility Agency,Contractor_08,Pothole filling,Completed,11-04-2026,22-04-2026,GCC/ROAD/2026/6660,247443,Yes,Yes,Yes,Synthetic prototype intervention record
EVT_000124,RD_00027,30-07-2026,Road_Repair,GCC Roads,Contractor_05,Pothole filling,Completed,30-07-2026,10-08-2026,GCC/ROAD/2026/3855,297090,No,No,N/A,Synthetic prototype intervention record
EVT_000125,RD_00023,23-01-2026,Drainage_Work,Chennai Metro Water,Contractor_20,Pothole filling,Completed,23-01-2026,24-01-2026,GCC/ROAD/2026/3852,442649,No,No,N/A,Synthetic prototype intervention record
EVT_000126,RD_00266,02-05-2026,Road_Restoration,Other Utility Agency,Contractor_13,Road resurfacing,Completed,02-05-2026,03-05-2026,GCC/ROAD/2026/1955,567300,No,No,N/A,Synthetic prototype intervention record
EVT_000127,RD_00282,16-04-2026,Road_Repair,GCC Roads,Contractor_22,Drainage maintenance,Completed,16-04-2026,22-04-2026,GCC/ROAD/2026/7974,709639,No,No,N/A,Synthetic prototype intervention record
EVT_000128,RD_00765,02-05-2026,Utility_Excavation,Chennai Metro Water,Contractor_12,Road resurfacing,Completed,02-05-2026,10-05-2026,GCC/ROAD/2026/8736,211329,Yes,Yes,Yes,Synthetic prototype intervention record
EVT_000129,RD_00799,24-07-2026,Resurfacing,GCC Roads,Contractor_15,Utility excavation and restoration,Completed,24-07-2026,06-08-2026,GCC/ROAD/2026/4389,330186,No,No,N/A,Synthetic prototype intervention record
EVT_000130,RD_00015,28-08-2026,Emergency_Repair,GCC Roads,Contractor_15,Emergency road repair,Completed,28-08-2026,04-09-2026,GCC/ROAD/2026/5381,326046,No,No,N/A,Synthetic prototype intervention record
EVT_000131,RD_00845,15-01-2026,Road_Repair,GCC Roads,Contractor_12,Emergency road repair,Completed,15-01-2026,28-01-2026,GCC/ROAD/2026/5852,108373,No,No,N/A,Synthetic prototype intervention record
EVT_000132,RD_00810,30-04-2026,Road_Repair,GCC Roads,Contractor_03,Emergency road repair,Completed,30-04-2026,11-05-2026,GCC/ROAD/2026/3868,664873,No,No,N/A,Synthetic prototype intervention record
EVT_000133,RD_00391,09-03-2026,Emergency_Repair,GCC Roads,Contractor_24,Emergency road repair,Completed,09-03-2026,20-03-2026,GCC/ROAD/2026/2039,645709,No,No,N/A,Synthetic prototype intervention record
EVT_000134,RD_00561,20-02-2026,Road_Repair,GCC Roads,Contractor_28,Pothole filling,Completed,20-02-2026,04-03-2026,GCC/ROAD/2026/1923,631898,No,No,N/A,Synthetic prototype intervention record
EVT_000135,RD_00508,22-01-2026,Emergency_Repair,GCC Roads,Contractor_30,Emergency road repair,Completed,22-01-2026,23-01-2026,GCC/ROAD/2026/4274,588880,No,No,N/A,Synthetic prototype intervention record
EVT_000136,RD_00365,08-05-2026,Road_Cutting,Other Utility Agency,Contractor_07,Surface repair and maintenance,Completed,08-05-2026,15-05-2026,GCC/ROAD/2026/2510,641318,Yes,Yes,Yes,Synthetic prototype intervention record
EVT_000137,RD_00428,02-07-2026,Drainage_Work,Chennai Metro Water,Contractor_06,Surface repair and maintenance,Completed,02-07-2026,05-07-2026,GCC/ROAD/2026/4527,254914,No,No,N/A,Synthetic prototype intervention record
EVT_000138,RD_00232,11-07-2026,Road_Cutting,Chennai Metro Water,Contractor_21,Surface repair and maintenance,Completed,11-07-2026,22-07-2026,GCC/ROAD/2026/6137,247876,Yes,Yes,Yes,Synthetic prototype intervention record
EVT_000139,RD_00811,27-03-2026,Utility_Excavation,Other Utility Agency,Contractor_15,Emergency road repair,Completed,27-03-2026,05-04-2026,GCC/ROAD/2026/9498,73694,Yes,Yes,Yes,Synthetic prototype intervention record
EVT_000140,RD_00999,19-01-2026,Road_Repair,GCC Roads,Contractor_29,Drainage maintenance,Completed,19-01-2026,29-01-2026,GCC/ROAD/2026/6804,171747,No,No,N/A,Synthetic prototype intervention record
EVT_000141,RD_00148,16-02-2026,Emergency_Repair,GCC Roads,Contractor_03,Utility excavation and restoration,Completed,16-02-2026,22-02-2026,GCC/ROAD/2026/5076,168263,No,No,N/A,Synthetic prototype intervention record
EVT_000142,RD_00789,06-02-2026,Emergency_Repair,GCC Roads,Contractor_13,Pothole filling,Completed,06-02-2026,15-02-2026,GCC/ROAD/2026/8200,26099,No,No,N/A,Synthetic prototype intervention record
EVT_000143,RD_00707,02-01-2026,Emergency_Repair,GCC Roads,Contractor_25,Drainage maintenance,Completed,02-01-2026,13-01-2026,GCC/ROAD/2026/4002,380802,No,No,N/A,Synthetic prototype intervention record
EVT_000144,RD_00022,25-05-2026,Road_Repair,GCC Roads,Contractor_09,Utility excavation and restoration,Completed,25-05-2026,01-06-2026,GCC/ROAD/2026/8768,497721,No,No,N/A,Synthetic prototype intervention record
EVT_000145,RD_00310,25-07-2026,Drainage_Work,TANGEDCO,Contractor_02,Emergency road repair,Completed,25-07-2026,31-07-2026,GCC/ROAD/2026/3598,65436,No,No,N/A,Synthetic prototype intervention record
EVT_000146,RD_00221,16-02-2026,Construction,Other Utility Agency,Contractor_20,Utility excavation and restoration,Completed,16-02-2026,26-02-2026,GCC/ROAD/2026/6852,490835,No,No,N/A,Synthetic prototype intervention record
EVT_000147,RD_00596,22-07-2026,Utility_Work,Chennai Metro Water,Contractor_28,Utility excavation and restoration,Completed,22-07-2026,26-07-2026,GCC/ROAD/2026/4770,61002,Yes,Yes,Yes,Synthetic prototype intervention record
EVT_000148,RD_00939,27-08-2026,Utility_Work,TANGEDCO,Contractor_15,Road resurfacing,Completed,27-08-2026,05-09-2026,GCC/ROAD/2026/2398,426576,Yes,Yes,Yes,Synthetic prototype intervention record
EVT_000149,RD_00059,21-08-2026,Drainage_Work,Chennai Metro Water,Contractor_02,Road resurfacing,Completed,21-08-2026,30-08-2026,GCC/ROAD/2026/3033,299599,No,No,N/A,Synthetic prototype intervention record
EVT_000150,RD_00622,06-01-2026,Utility_Excavation,Other Utility Agency,Contractor_06,Drainage maintenance,Completed,06-01-2026,16-01-2026,GCC/ROAD/2026/9574,117611,Yes,Yes,Yes,Synthetic prototype intervention record
EVT_000151,RD_00992,10-03-2026,Road_Restoration,Other Utility Agency,Contractor_06,Surface repair and maintenance,Completed,10-03-2026,24-03-2026,GCC/ROAD/2026/3824,191258,No,No,N/A,Synthetic prototype intervention record
EVT_000152,RD_00861,30-06-2026,Road_Repair,GCC Roads,Contractor_27,Surface repair and maintenance,Completed,30-06-2026,05-07-2026,GCC/ROAD/2026/2757,280796,No,No,N/A,Synthetic prototype intervention record
EVT_000153,RD_00909,23-04-2026,Resurfacing,GCC Roads,Contractor_13,Road resurfacing,Completed,23-04-2026,05-05-2026,GCC/ROAD/2026/4869,361994,No,No,N/A,Synthetic prototype intervention record
EVT_000154,RD_00689,21-06-2026,Pothole_Repair,GCC Roads,Contractor_13,Pothole filling,Completed,21-06-2026,27-06-2026,GCC/ROAD/2026/6295,263046,No,No,N/A,Synthetic prototype intervention record
EVT_000155,RD_00470,10-03-2026,Resurfacing,GCC Roads,Contractor_10,Pothole filling,Completed,10-03-2026,22-03-2026,GCC/ROAD/2026/8318,683535,No,No,N/A,Synthetic prototype intervention record
EVT_000156,RD_00315,23-02-2026,Pothole_Repair,GCC Roads,Contractor_07,Emergency road repair,Completed,23-02-2026,06-03-2026,GCC/ROAD/2026/2736,516922,No,No,N/A,Synthetic prototype intervention record
EVT_000157,RD_00630,22-03-2026,Construction,Telecom Utility,Contractor_12,Surface repair and maintenance,Completed,22-03-2026,01-04-2026,GCC/ROAD/2026/5431,267088,No,No,N/A,Synthetic prototype intervention record
EVT_000158,RD_00553,12-07-2026,Utility_Work,TANGEDCO,Contractor_05,Pothole filling,Completed,12-07-2026,13-07-2026,GCC/ROAD/2026/9588,358079,Yes,Yes,No,Synthetic prototype intervention record
EVT_000159,RD_00274,16-08-2026,Drainage_Work,Telecom Utility,Contractor_13,Surface repair and maintenance,Completed,16-08-2026,27-08-2026,GCC/ROAD/2026/1617,258330,No,No,N/A,Synthetic prototype intervention record
EVT_000160,RD_00347,03-03-2026,Road_Cutting,Chennai Metro Water,Contractor_26,Emergency road repair,Completed,03-03-2026,08-03-2026,GCC/ROAD/2026/2818,698637,Yes,Yes,Yes,Synthetic prototype intervention record
EVT_000161,RD_00358,15-07-2026,Road_Cutting,Chennai Metro Water,Contractor_15,Surface repair and maintenance,Completed,15-07-2026,28-07-2026,GCC/ROAD/2026/6284,255026,Yes,Yes,Yes,Synthetic prototype intervention record
EVT_000162,RD_00163,07-02-2026,Road_Repair,GCC Roads,Contractor_18,Emergency road repair,Completed,07-02-2026,13-02-2026,GCC/ROAD/2026/8367,644584,No,No,N/A,Synthetic prototype intervention record
EVT_000163,RD_00800,30-07-2026,Road_Repair,GCC Roads,Contractor_16,Surface repair and maintenance,Completed,30-07-2026,06-08-2026,GCC/ROAD/2026/3796,428873,No,No,N/A,Synthetic prototype intervention record
EVT_000164,RD_00202,26-08-2026,Road_Restoration,Chennai Metro Water,Contractor_09,Pothole filling,Completed,26-08-2026,08-09-2026,GCC/ROAD/2026/7693,99903,No,No,N/A,Synthetic prototype intervention record
EVT_000165,RD_00648,17-08-2026,Road_Repair,GCC Roads,Contractor_15,Emergency road repair,Completed,17-08-2026,19-08-2026,GCC/ROAD/2026/8819,234576,No,No,N/A,Synthetic prototype intervention record
EVT_000166,RD_00199,19-02-2026,Pothole_Repair,GCC Roads,Contractor_29,Utility excavation and restoration,Completed,19-02-2026,01-03-2026,GCC/ROAD/2026/5841,648496,No,No,N/A,Synthetic prototype intervention record
EVT_000167,RD_00122,27-01-2026,Road_Repair,GCC Roads,Contractor_23,Pothole filling,Completed,27-01-2026,30-01-2026,GCC/ROAD/2026/4977,289480,No,No,N/A,Synthetic prototype intervention record
EVT_000168,RD_00521,12-05-2026,Road_Repair,GCC Roads,Contractor_05,Surface repair and maintenance,Completed,12-05-2026,20-05-2026,GCC/ROAD/2026/9425,257493,No,No,N/A,Synthetic prototype intervention record
EVT_000169,RD_00577,18-06-2026,Drainage_Work,Telecom Utility,Contractor_12,Pothole filling,Completed,18-06-2026,27-06-2026,GCC/ROAD/2026/1068,706355,No,No,N/A,Synthetic prototype intervention record
EVT_000170,RD_00317,11-04-2026,Road_Repair,GCC Roads,Contractor_14,Road resurfacing,Completed,11-04-2026,25-04-2026,GCC/ROAD/2026/3322,184274,No,No,N/A,Synthetic prototype intervention record
EVT_000171,RD_00619,16-08-2026,Road_Repair,GCC Roads,Contractor_13,Utility excavation and restoration,Completed,16-08-2026,30-08-2026,GCC/ROAD/2026/1151,570141,No,No,N/A,Synthetic prototype intervention record
EVT_000172,RD_00153,15-07-2026,Road_Repair,GCC Roads,Contractor_14,Drainage maintenance,Completed,15-07-2026,28-07-2026,GCC/ROAD/2026/8318,151007,No,No,N/A,Synthetic prototype intervention record
EVT_000173,RD_00554,06-02-2026,Emergency_Repair,GCC Roads,Contractor_14,Utility excavation and restoration,Completed,06-02-2026,16-02-2026,GCC/ROAD/2026/3827,109592,No,No,N/A,Synthetic prototype intervention record
EVT_000174,RD_00934,25-03-2026,Utility_Excavation,Other Utility Agency,Contractor_28,Drainage maintenance,Completed,25-03-2026,27-03-2026,GCC/ROAD/2026/4872,729658,Yes,Yes,Yes,Synthetic prototype intervention record
EVT_000175,RD_00114,16-06-2026,Utility_Excavation,Other Utility Agency,Contractor_15,Emergency road repair,Completed,16-06-2026,27-06-2026,GCC/ROAD/2026/7411,581942,Yes,Yes,No,Synthetic prototype intervention record
EVT_000176,RD_00066,27-02-2026,Pothole_Repair,GCC Roads,Contractor_01,Surface repair and maintenance,Completed,27-02-2026,03-03-2026,GCC/ROAD/2026/4499,689383,No,No,N/A,Synthetic prototype intervention record
EVT_000177,RD_00658,15-05-2026,Resurfacing,GCC Roads,Contractor_18,Emergency road repair,Completed,15-05-2026,19-05-2026,GCC/ROAD/2026/1118,133063,No,No,N/A,Synthetic prototype intervention record
EVT_000178,RD_00788,27-01-2026,Road_Repair,GCC Roads,Contractor_29,Drainage maintenance,Completed,27-01-2026,02-02-2026,GCC/ROAD/2026/1537,449675,No,No,N/A,Synthetic prototype intervention record
EVT_000179,RD_00674,25-01-2026,Pothole_Repair,GCC Roads,Contractor_25,Surface repair and maintenance,Completed,25-01-2026,29-01-2026,GCC/ROAD/2026/3363,99695,No,No,N/A,Synthetic prototype intervention record
EVT_000180,RD_00640,18-08-2026,Road_Repair,GCC Roads,Contractor_16,Road resurfacing,Completed,18-08-2026,20-08-2026,GCC/ROAD/2026/1698,403035,No,No,N/A,Synthetic prototype intervention record
EVT_000181,RD_00730,05-01-2026,Construction,Telecom Utility,Contractor_22,Utility excavation and restoration,Completed,05-01-2026,12-01-2026,GCC/ROAD/2026/6673,721067,No,No,N/A,Synthetic prototype intervention record
EVT_000182,RD_00851,17-08-2026,Road_Restoration,Telecom Utility,Contractor_27,Utility excavation and restoration,Completed,17-08-2026,18-08-2026,GCC/ROAD/2026/9893,238355,No,No,N/A,Synthetic prototype intervention record
EVT_000183,RD_00830,24-07-2026,Road_Restoration,Other Utility Agency,Contractor_03,Drainage maintenance,Completed,24-07-2026,25-07-2026,GCC/ROAD/2026/9106,67794,No,No,N/A,Synthetic prototype intervention record
EVT_000184,RD_00600,14-02-2026,Road_Repair,GCC Roads,Contractor_22,Road resurfacing,Completed,14-02-2026,22-02-2026,GCC/ROAD/2026/3340,283928,No,No,N/A,Synthetic prototype intervention record
EVT_000185,RD_00248,14-07-2026,Drainage_Work,TANGEDCO,Contractor_03,Utility excavation and restoration,Completed,14-07-2026,15-07-2026,GCC/ROAD/2026/3063,187394,No,No,N/A,Synthetic prototype intervention record
EVT_000186,RD_00409,13-02-2026,Road_Repair,GCC Roads,Contractor_22,Emergency road repair,Completed,13-02-2026,25-02-2026,GCC/ROAD/2026/1041,448025,No,No,N/A,Synthetic prototype intervention record
EVT_000187,RD_00346,27-04-2026,Utility_Work,Other Utility Agency,Contractor_19,Emergency road repair,Completed,27-04-2026,30-04-2026,GCC/ROAD/2026/3838,411286,Yes,Yes,Yes,Synthetic prototype intervention record
EVT_000188,RD_00461,30-08-2026,Utility_Excavation,Telecom Utility,Contractor_02,Drainage maintenance,Completed,30-08-2026,09-09-2026,GCC/ROAD/2026/8720,306589,Yes,Yes,No,Synthetic prototype intervention record
EVT_000189,RD_00235,07-03-2026,Drainage_Work,Other Utility Agency,Contractor_11,Pothole filling,Completed,07-03-2026,14-03-2026,GCC/ROAD/2026/8880,343603,No,No,N/A,Synthetic prototype intervention record
EVT_000190,RD_00618,23-08-2026,Utility_Excavation,Chennai Metro Water,Contractor_14,Drainage maintenance,Completed,23-08-2026,28-08-2026,GCC/ROAD/2026/7933,214154,Yes,Yes,Yes,Synthetic prototype intervention record
EVT_000191,RD_00326,24-06-2026,Utility_Excavation,Chennai Metro Water,Contractor_16,Road resurfacing,Completed,24-06-2026,30-06-2026,GCC/ROAD/2026/9595,679106,Yes,Yes,Yes,Synthetic prototype intervention record
EVT_000192,RD_00954,10-06-2026,Emergency_Repair,GCC Roads,Contractor_19,Emergency road repair,Completed,10-06-2026,13-06-2026,GCC/ROAD/2026/7998,226728,No,No,N/A,Synthetic prototype intervention record
EVT_000193,RD_00761,03-01-2026,Resurfacing,GCC Roads,Contractor_20,Pothole filling,Completed,03-01-2026,16-01-2026,GCC/ROAD/2026/7739,370051,No,No,N/A,Synthetic prototype intervention record
EVT_000194,RD_00844,28-04-2026,Utility_Work,Chennai Metro Water,Contractor_28,Surface repair and maintenance,Completed,28-04-2026,01-05-2026,GCC/ROAD/2026/9139,501555,Yes,Yes,Yes,Synthetic prototype intervention record
EVT_000195,RD_00116,15-02-2026,Utility_Excavation,Other Utility Agency,Contractor_28,Pothole filling,Completed,15-02-2026,28-02-2026,GCC/ROAD/2026/7183,103345,Yes,Yes,Yes,Synthetic prototype intervention record
EVT_000196,RD_00405,11-06-2026,Drainage_Work,Other Utility Agency,Contractor_09,Road resurfacing,Completed,11-06-2026,18-06-2026,GCC/ROAD/2026/3000,507275,No,No,N/A,Synthetic prototype intervention record
EVT_000197,RD_00689,21-08-2026,Resurfacing,GCC Roads,Contractor_15,Road resurfacing,Completed,21-08-2026,27-08-2026,GCC/ROAD/2026/2858,256907,No,No,N/A,Synthetic prototype intervention record
EVT_000198,RD_00855,03-03-2026,Resurfacing,GCC Roads,Contractor_14,Emergency road repair,Completed,03-03-2026,04-03-2026,GCC/ROAD/2026/5974,183834,No,No,N/A,Synthetic prototype intervention record
EVT_000199,RD_00597,30-08-2026,Pothole_Repair,GCC Roads,Contractor_12,Pothole filling,Completed,30-08-2026,07-09-2026,GCC/ROAD/2026/6630,650156,No,No,N/A,Synthetic prototype intervention record
EVT_000200,RD_00915,31-08-2026,Pothole_Repair,GCC Roads,Contractor_03,Road resurfacing,Completed,31-08-2026,11-09-2026,GCC/ROAD/2026/8918,139535,No,No,N/A,Synthetic prototype intervention record
EVT_000201,RD_00595,13-04-2026,Road_Restoration,TANGEDCO,Contractor_10,Pothole filling,Completed,13-04-2026,23-04-2026,GCC/ROAD/2026/3469,732281,No,No,N/A,Synthetic prototype intervention record
EVT_000202,RD_00769,15-02-2026,Emergency_Repair,GCC Roads,Contractor_16,Utility excavation and restoration,Completed,15-02-2026,17-02-2026,GCC/ROAD/2026/5678,363557,No,No,N/A,Synthetic prototype intervention record
EVT_000203,RD_00798,24-04-2026,Road_Cutting,TANGEDCO,Contractor_21,Emergency road repair,Completed,24-04-2026,26-04-2026,GCC/ROAD/2026/3085,290376,Yes,Yes,Yes,Synthetic prototype intervention record
EVT_000204,RD_00939,18-04-2026,Pothole_Repair,GCC Roads,Contractor_23,Emergency road repair,Completed,18-04-2026,22-04-2026,GCC/ROAD/2026/7994,622171,No,No,N/A,Synthetic prototype intervention record
EVT_000205,RD_00221,05-03-2026,Drainage_Work,Chennai Metro Water,Contractor_22,Drainage maintenance,Completed,05-03-2026,06-03-2026,GCC/ROAD/2026/5915,177610,No,No,N/A,Synthetic prototype intervention record
EVT_000206,RD_00854,27-02-2026,Road_Restoration,TANGEDCO,Contractor_14,Road resurfacing,Completed,27-02-2026,02-03-2026,GCC/ROAD/2026/4178,322473,No,No,N/A,Synthetic prototype intervention record
EVT_000207,RD_00064,17-04-2026,Road_Repair,GCC Roads,Contractor_19,Drainage maintenance,Completed,17-04-2026,30-04-2026,GCC/ROAD/2026/6937,541369,No,No,N/A,Synthetic prototype intervention record
EVT_000208,RD_00314,01-05-2026,Utility_Work,Other Utility Agency,Contractor_25,Drainage maintenance,Completed,01-05-2026,04-05-2026,GCC/ROAD/2026/1493,228012,Yes,Yes,Yes,Synthetic prototype intervention record
EVT_000209,RD_00584,26-08-2026,Resurfacing,GCC Roads,Contractor_17,Emergency road repair,Completed,26-08-2026,29-08-2026,GCC/ROAD/2026/9902,122835,No,No,N/A,Synthetic prototype intervention record
EVT_000210,RD_00981,26-02-2026,Resurfacing,GCC Roads,Contractor_16,Road resurfacing,Completed,26-02-2026,03-03-2026,GCC/ROAD/2026/3601,144551,No,No,N/A,Synthetic prototype intervention record
EVT_000211,RD_00710,23-07-2026,Drainage_Work,TANGEDCO,Contractor_04,Utility excavation and restoration,Completed,23-07-2026,28-07-2026,GCC/ROAD/2026/6546,348154,No,No,N/A,Synthetic prototype intervention record
EVT_000212,RD_00779,08-05-2026,Utility_Excavation,Chennai Metro Water,Contractor_14,Emergency road repair,Completed,08-05-2026,20-05-2026,GCC/ROAD/2026/2621,420727,Yes,Yes,Yes,Synthetic prototype intervention record
EVT_000213,RD_00311,15-08-2026,Road_Cutting,TANGEDCO,Contractor_07,Utility excavation and restoration,Completed,15-08-2026,29-08-2026,GCC/ROAD/2026/6928,337040,Yes,Yes,Yes,Synthetic prototype intervention record
EVT_000214,RD_00013,22-07-2026,Resurfacing,GCC Roads,Contractor_27,Emergency road repair,Completed,22-07-2026,30-07-2026,GCC/ROAD/2026/2027,110568,No,No,N/A,Synthetic prototype intervention record
EVT_000215,RD_00454,02-03-2026,Emergency_Repair,GCC Roads,Contractor_17,Pothole filling,Completed,02-03-2026,07-03-2026,GCC/ROAD/2026/8101,455866,No,No,N/A,Synthetic prototype intervention record
EVT_000216,RD_00133,27-03-2026,Drainage_Work,Other Utility Agency,Contractor_18,Drainage maintenance,Completed,27-03-2026,08-04-2026,GCC/ROAD/2026/2243,744815,No,No,N/A,Synthetic prototype intervention record
EVT_000217,RD_00942,21-07-2026,Road_Restoration,Chennai Metro Water,Contractor_11,Surface repair and maintenance,Completed,21-07-2026,28-07-2026,GCC/ROAD/2026/2322,449626,No,No,N/A,Synthetic prototype intervention record
EVT_000218,RD_00217,04-05-2026,Construction,Telecom Utility,Contractor_27,Road resurfacing,Completed,04-05-2026,18-05-2026,GCC/ROAD/2026/7680,95674,No,No,N/A,Synthetic prototype intervention record
EVT_000219,RD_00970,28-03-2026,Utility_Excavation,TANGEDCO,Contractor_11,Drainage maintenance,Completed,28-03-2026,07-04-2026,GCC/ROAD/2026/9240,197119,Yes,Yes,Yes,Synthetic prototype intervention record
EVT_000220,RD_00012,30-05-2026,Pothole_Repair,GCC Roads,Contractor_29,Surface repair and maintenance,Completed,30-05-2026,01-06-2026,GCC/ROAD/2026/4911,365963,No,No,N/A,Synthetic prototype intervention record
EVT_000221,RD_00357,22-04-2026,Road_Repair,GCC Roads,Contractor_23,Surface repair and maintenance,Completed,22-04-2026,01-05-2026,GCC/ROAD/2026/6295,276360,No,No,N/A,Synthetic prototype intervention record
EVT_000222,RD_00972,17-04-2026,Road_Restoration,Other Utility Agency,Contractor_26,Emergency road repair,Completed,17-04-2026,22-04-2026,GCC/ROAD/2026/5581,389531,No,No,N/A,Synthetic prototype intervention record
EVT_000223,RD_00073,13-05-2026,Road_Cutting,Chennai Metro Water,Contractor_03,Pothole filling,Completed,13-05-2026,23-05-2026,GCC/ROAD/2026/8050,683308,Yes,Yes,Yes,Synthetic prototype intervention record
EVT_000224,RD_00300,11-01-2026,Resurfacing,GCC Roads,Contractor_28,Emergency road repair,Completed,11-01-2026,12-01-2026,GCC/ROAD/2026/3382,571149,No,No,N/A,Synthetic prototype intervention record
EVT_000225,RD_00054,19-02-2026,Road_Restoration,Chennai Metro Water,Contractor_05,Utility excavation and restoration,Completed,19-02-2026,04-03-2026,GCC/ROAD/2026/9726,480393,No,No,N/A,Synthetic prototype intervention record
EVT_000226,RD_00764,18-07-2026,Utility_Excavation,TANGEDCO,Contractor_18,Drainage maintenance,Completed,18-07-2026,23-07-2026,GCC/ROAD/2026/1483,213072,Yes,Yes,Yes,Synthetic prototype intervention record
EVT_000227,RD_00321,04-01-2026,Drainage_Work,Chennai Metro Water,Contractor_28,Emergency road repair,Completed,04-01-2026,11-01-2026,GCC/ROAD/2026/7188,511270,No,No,N/A,Synthetic prototype intervention record
EVT_000228,RD_00297,30-03-2026,Road_Repair,GCC Roads,Contractor_27,Utility excavation and restoration,Completed,30-03-2026,10-04-2026,GCC/ROAD/2026/4579,258868,No,No,N/A,Synthetic prototype intervention record
EVT_000229,RD_00044,10-08-2026,Emergency_Repair,GCC Roads,Contractor_10,Emergency road repair,Completed,10-08-2026,17-08-2026,GCC/ROAD/2026/7495,114862,No,No,N/A,Synthetic prototype intervention record
EVT_000230,RD_00282,24-08-2026,Road_Restoration,Chennai Metro Water,Contractor_01,Utility excavation and restoration,Completed,24-08-2026,25-08-2026,GCC/ROAD/2026/9740,590952,No,No,N/A,Synthetic prototype intervention record
EVT_000231,RD_00943,13-07-2026,Pothole_Repair,GCC Roads,Contractor_05,Emergency road repair,Completed,13-07-2026,24-07-2026,GCC/ROAD/2026/1826,109970,No,No,N/A,Synthetic prototype intervention record
EVT_000232,RD_00391,04-07-2026,Road_Restoration,TANGEDCO,Contractor_28,Drainage maintenance,Completed,04-07-2026,10-07-2026,GCC/ROAD/2026/6604,132409,No,No,N/A,Synthetic prototype intervention record
EVT_000233,RD_00236,14-04-2026,Pothole_Repair,GCC Roads,Contractor_08,Road resurfacing,Completed,14-04-2026,26-04-2026,GCC/ROAD/2026/7846,681127,No,No,N/A,Synthetic prototype intervention record
EVT_000234,RD_00282,19-08-2026,Resurfacing,GCC Roads,Contractor_28,Drainage maintenance,Completed,19-08-2026,28-08-2026,GCC/ROAD/2026/8945,399156,No,No,N/A,Synthetic prototype intervention record
EVT_000235,RD_00963,31-08-2026,Resurfacing,GCC Roads,Contractor_09,Emergency road repair,Completed,31-08-2026,09-09-2026,GCC/ROAD/2026/8856,318642,No,No,N/A,Synthetic prototype intervention record
EVT_000236,RD_00033,30-06-2026,Utility_Work,TANGEDCO,Contractor_23,Drainage maintenance,Completed,30-06-2026,09-07-2026,GCC/ROAD/2026/5743,688322,Yes,Yes,Yes,Synthetic prototype intervention record
EVT_000237,RD_00938,28-01-2026,Road_Repair,GCC Roads,Contractor_19,Drainage maintenance,Completed,28-01-2026,09-02-2026,GCC/ROAD/2026/6924,502466,No,No,N/A,Synthetic prototype intervention record
EVT_000238,RD_00748,01-04-2026,Road_Repair,GCC Roads,Contractor_27,Surface repair and maintenance,Completed,01-04-2026,05-04-2026,GCC/ROAD/2026/3062,537883,No,No,N/A,Synthetic prototype intervention record
EVT_000239,RD_00755,10-08-2026,Resurfacing,GCC Roads,Contractor_26,Pothole filling,Completed,10-08-2026,22-08-2026,GCC/ROAD/2026/9887,508382,No,No,N/A,Synthetic prototype intervention record
EVT_000240,RD_00067,21-02-2026,Pothole_Repair,GCC Roads,Contractor_21,Road resurfacing,Completed,21-02-2026,27-02-2026,GCC/ROAD/2026/7195,586878,No,No,N/A,Synthetic prototype intervention record
EVT_000241,RD_00688,20-02-2026,Road_Cutting,TANGEDCO,Contractor_11,Pothole filling,Completed,20-02-2026,21-02-2026,GCC/ROAD/2026/3830,721560,Yes,Yes,No,Synthetic prototype intervention record
EVT_000242,RD_00611,26-06-2026,Road_Repair,GCC Roads,Contractor_28,Pothole filling,Completed,26-06-2026,03-07-2026,GCC/ROAD/2026/6006,337706,No,No,N/A,Synthetic prototype intervention record
EVT_000243,RD_00896,25-08-2026,Road_Cutting,Telecom Utility,Contractor_17,Surface repair and maintenance,Completed,25-08-2026,31-08-2026,GCC/ROAD/2026/8014,517121,Yes,Yes,Yes,Synthetic prototype intervention record
EVT_000244,RD_00591,30-08-2026,Utility_Excavation,Telecom Utility,Contractor_21,Road resurfacing,Completed,30-08-2026,04-09-2026,GCC/ROAD/2026/1697,525365,Yes,Yes,Yes,Synthetic prototype intervention record
EVT_000245,RD_00531,28-03-2026,Utility_Excavation,TANGEDCO,Contractor_06,Utility excavation and restoration,Completed,28-03-2026,03-04-2026,GCC/ROAD/2026/2933,78932,Yes,Yes,No,Synthetic prototype intervention record
EVT_000246,RD_00736,20-08-2026,Road_Repair,GCC Roads,Contractor_24,Utility excavation and restoration,Completed,20-08-2026,02-09-2026,GCC/ROAD/2026/1939,422947,No,No,N/A,Synthetic prototype intervention record
EVT_000247,RD_00238,09-02-2026,Road_Repair,GCC Roads,Contractor_13,Surface repair and maintenance,Completed,09-02-2026,21-02-2026,GCC/ROAD/2026/7762,175914,No,No,N/A,Synthetic prototype intervention record
EVT_000248,RD_00375,28-06-2026,Road_Repair,GCC Roads,Contractor_09,Road resurfacing,Completed,28-06-2026,01-07-2026,GCC/ROAD/2026/4283,437958,No,No,N/A,Synthetic prototype intervention record
EVT_000249,RD_00035,31-08-2026,Road_Repair,GCC Roads,Contractor_15,Emergency road repair,Completed,31-08-2026,09-09-2026,GCC/ROAD/2026/3690,86814,No,No,N/A,Synthetic prototype intervention record
EVT_000250,RD_00493,19-04-2026,Road_Repair,GCC Roads,Contractor_28,Surface repair and maintenance,Completed,19-04-2026,03-05-2026,GCC/ROAD/2026/6649,93054,No,No,N/A,Synthetic prototype intervention record
EVT_000251,RD_00507,19-03-2026,Utility_Excavation,Chennai Metro Water,Contractor_21,Drainage maintenance,Completed,19-03-2026,31-03-2026,GCC/ROAD/2026/8553,441057,Yes,Yes,Yes,Synthetic prototype intervention record
EVT_000252,RD_00945,19-05-2026,Resurfacing,GCC Roads,Contractor_27,Utility excavation and restoration,Completed,19-05-2026,21-05-2026,GCC/ROAD/2026/9019,271135,No,No,N/A,Synthetic prototype intervention record
EVT_000253,RD_00117,20-08-2026,Resurfacing,GCC Roads,Contractor_27,Emergency road repair,Completed,20-08-2026,25-08-2026,GCC/ROAD/2026/2933,153906,No,No,N/A,Synthetic prototype intervention record
EVT_000254,RD_00669,11-07-2026,Road_Repair,GCC Roads,Contractor_08,Utility excavation and restoration,Completed,11-07-2026,23-07-2026,GCC/ROAD/2026/4202,514092,No,No,N/A,Synthetic prototype intervention record
EVT_000255,RD_00335,30-04-2026,Pothole_Repair,GCC Roads,Contractor_09,Drainage maintenance,Completed,30-04-2026,12-05-2026,GCC/ROAD/2026/8374,480708,No,No,N/A,Synthetic prototype intervention record
EVT_000256,RD_00866,24-01-2026,Road_Restoration,Chennai Metro Water,Contractor_01,Drainage maintenance,Completed,24-01-2026,07-02-2026,GCC/ROAD/2026/2383,345231,No,No,N/A,Synthetic prototype intervention record
EVT_000257,RD_00336,15-04-2026,Road_Repair,GCC Roads,Contractor_16,Pothole filling,Completed,15-04-2026,27-04-2026,GCC/ROAD/2026/8543,395175,No,No,N/A,Synthetic prototype intervention record
EVT_000258,RD_00451,02-03-2026,Resurfacing,GCC Roads,Contractor_05,Road resurfacing,Completed,02-03-2026,05-03-2026,GCC/ROAD/2026/7270,205124,No,No,N/A,Synthetic prototype intervention record
EVT_000259,RD_00372,13-08-2026,Utility_Excavation,Other Utility Agency,Contractor_12,Pothole filling,Completed,13-08-2026,27-08-2026,GCC/ROAD/2026/4286,719963,Yes,Yes,No,Synthetic prototype intervention record
EVT_000260,RD_00732,13-06-2026,Resurfacing,GCC Roads,Contractor_26,Road resurfacing,Completed,13-06-2026,25-06-2026,GCC/ROAD/2026/7905,80402,No,No,N/A,Synthetic prototype intervention record
EVT_000261,RD_00337,23-01-2026,Resurfacing,GCC Roads,Contractor_04,Pothole filling,Completed,23-01-2026,27-01-2026,GCC/ROAD/2026/3674,475968,No,No,N/A,Synthetic prototype intervention record
EVT_000262,RD_00649,10-05-2026,Road_Repair,GCC Roads,Contractor_29,Road resurfacing,Completed,10-05-2026,13-05-2026,GCC/ROAD/2026/6998,251967,No,No,N/A,Synthetic prototype intervention record
EVT_000263,RD_00328,21-04-2026,Pothole_Repair,GCC Roads,Contractor_05,Surface repair and maintenance,Completed,21-04-2026,28-04-2026,GCC/ROAD/2026/8825,473407,No,No,N/A,Synthetic prototype intervention record
EVT_000264,RD_00900,01-01-2026,Road_Repair,GCC Roads,Contractor_05,Road resurfacing,Completed,01-01-2026,14-01-2026,GCC/ROAD/2026/1607,527425,No,No,N/A,Synthetic prototype intervention record
EVT_000265,RD_00459,12-08-2026,Road_Repair,GCC Roads,Contractor_29,Emergency road repair,Completed,12-08-2026,17-08-2026,GCC/ROAD/2026/8427,87265,No,No,N/A,Synthetic prototype intervention record
EVT_000266,RD_00352,05-02-2026,Road_Repair,GCC Roads,Contractor_13,Drainage maintenance,Completed,05-02-2026,18-02-2026,GCC/ROAD/2026/9343,724327,No,No,N/A,Synthetic prototype intervention record
EVT_000267,RD_00277,08-01-2026,Utility_Work,Telecom Utility,Contractor_06,Surface repair and maintenance,Completed,08-01-2026,10-01-2026,GCC/ROAD/2026/4752,376898,Yes,Yes,No,Synthetic prototype intervention record
EVT_000268,RD_00855,29-07-2026,Road_Cutting,Chennai Metro Water,Contractor_12,Utility excavation and restoration,Completed,29-07-2026,01-08-2026,GCC/ROAD/2026/4575,609937,Yes,Yes,Yes,Synthetic prototype intervention record
EVT_000269,RD_00433,04-03-2026,Road_Repair,GCC Roads,Contractor_03,Drainage maintenance,Completed,04-03-2026,05-03-2026,GCC/ROAD/2026/1638,377085,No,No,N/A,Synthetic prototype intervention record
EVT_000270,RD_00571,29-07-2026,Pothole_Repair,GCC Roads,Contractor_12,Pothole filling,Completed,29-07-2026,10-08-2026,GCC/ROAD/2026/9809,192761,No,No,N/A,Synthetic prototype intervention record
EVT_000271,RD_00230,27-05-2026,Road_Repair,GCC Roads,Contractor_19,Road resurfacing,Completed,27-05-2026,10-06-2026,GCC/ROAD/2026/3655,201866,No,No,N/A,Synthetic prototype intervention record
EVT_000272,RD_00616,11-04-2026,Utility_Work,TANGEDCO,Contractor_06,Drainage maintenance,Completed,11-04-2026,24-04-2026,GCC/ROAD/2026/4926,273103,Yes,Yes,Yes,Synthetic prototype intervention record
EVT_000273,RD_00496,17-03-2026,Road_Restoration,Other Utility Agency,Contractor_08,Utility excavation and restoration,Completed,17-03-2026,22-03-2026,GCC/ROAD/2026/5513,397157,No,No,N/A,Synthetic prototype intervention record
EVT_000274,RD_00168,23-03-2026,Utility_Excavation,Chennai Metro Water,Contractor_03,Emergency road repair,Completed,23-03-2026,27-03-2026,GCC/ROAD/2026/2843,580229,Yes,Yes,Yes,Synthetic prototype intervention record
EVT_000275,RD_00286,21-05-2026,Road_Cutting,Other Utility Agency,Contractor_18,Road resurfacing,Completed,21-05-2026,24-05-2026,GCC/ROAD/2026/1529,706820,Yes,Yes,Yes,Synthetic prototype intervention record
EVT_000276,RD_00623,17-04-2026,Utility_Excavation,Chennai Metro Water,Contractor_28,Drainage maintenance,Completed,17-04-2026,24-04-2026,GCC/ROAD/2026/8509,553941,Yes,Yes,Yes,Synthetic prototype intervention record
EVT_000277,RD_00532,26-07-2026,Utility_Work,Chennai Metro Water,Contractor_23,Emergency road repair,Completed,26-07-2026,31-07-2026,GCC/ROAD/2026/1781,526793,Yes,Yes,Yes,Synthetic prototype intervention record
EVT_000278,RD_00984,22-02-2026,Utility_Excavation,TANGEDCO,Contractor_25,Utility excavation and restoration,Completed,22-02-2026,03-03-2026,GCC/ROAD/2026/4561,608828,Yes,Yes,Yes,Synthetic prototype intervention record
EVT_000279,RD_00246,14-07-2026,Pothole_Repair,GCC Roads,Contractor_05,Road resurfacing,Completed,14-07-2026,18-07-2026,GCC/ROAD/2026/4747,154795,No,No,N/A,Synthetic prototype intervention record
EVT_000280,RD_00216,26-03-2026,Road_Repair,GCC Roads,Contractor_23,Utility excavation and restoration,Completed,26-03-2026,28-03-2026,GCC/ROAD/2026/7518,596247,No,No,N/A,Synthetic prototype intervention record
EVT_000281,RD_00925,28-05-2026,Pothole_Repair,GCC Roads,Contractor_04,Surface repair and maintenance,Completed,28-05-2026,30-05-2026,GCC/ROAD/2026/1045,372963,No,No,N/A,Synthetic prototype intervention record
EVT_000282,RD_00800,08-07-2026,Road_Repair,GCC Roads,Contractor_08,Surface repair and maintenance,Completed,08-07-2026,21-07-2026,GCC/ROAD/2026/5006,549683,No,No,N/A,Synthetic prototype intervention record
EVT_000283,RD_00735,24-06-2026,Utility_Work,Chennai Metro Water,Contractor_28,Utility excavation and restoration,Completed,24-06-2026,02-07-2026,GCC/ROAD/2026/5804,537457,Yes,Yes,No,Synthetic prototype intervention record
EVT_000284,RD_00642,21-04-2026,Road_Cutting,TANGEDCO,Contractor_01,Pothole filling,Completed,21-04-2026,23-04-2026,GCC/ROAD/2026/1291,35442,Yes,Yes,No,Synthetic prototype intervention record
EVT_000285,RD_00694,01-09-2026,Utility_Excavation,Telecom Utility,Contractor_05,Pothole filling,Completed,01-09-2026,15-09-2026,GCC/ROAD/2026/6775,38208,Yes,Yes,Yes,Synthetic prototype intervention record
EVT_000286,RD_00829,19-07-2026,Pothole_Repair,GCC Roads,Contractor_18,Drainage maintenance,Completed,19-07-2026,28-07-2026,GCC/ROAD/2026/8782,58197,No,No,N/A,Synthetic prototype intervention record
EVT_000287,RD_00591,23-05-2026,Resurfacing,GCC Roads,Contractor_25,Drainage maintenance,Completed,23-05-2026,25-05-2026,GCC/ROAD/2026/5128,211621,No,No,N/A,Synthetic prototype intervention record
EVT_000288,RD_00766,02-06-2026,Pothole_Repair,GCC Roads,Contractor_12,Pothole filling,Completed,02-06-2026,07-06-2026,GCC/ROAD/2026/7459,534847,No,No,N/A,Synthetic prototype intervention record
EVT_000289,RD_00776,23-01-2026,Road_Restoration,Chennai Metro Water,Contractor_27,Road resurfacing,Completed,23-01-2026,02-02-2026,GCC/ROAD/2026/3104,433111,No,No,N/A,Synthetic prototype intervention record
EVT_000290,RD_00709,17-02-2026,Road_Restoration,TANGEDCO,Contractor_25,Road resurfacing,Completed,17-02-2026,21-02-2026,GCC/ROAD/2026/8653,499330,No,No,N/A,Synthetic prototype intervention record
EVT_000291,RD_00115,16-01-2026,Resurfacing,GCC Roads,Contractor_16,Emergency road repair,Completed,16-01-2026,29-01-2026,GCC/ROAD/2026/6842,363929,No,No,N/A,Synthetic prototype intervention record
EVT_000292,RD_00432,26-07-2026,Road_Cutting,TANGEDCO,Contractor_10,Road resurfacing,Completed,26-07-2026,27-07-2026,GCC/ROAD/2026/1500,275261,Yes,Yes,Yes,Synthetic prototype intervention record
EVT_000293,RD_00846,16-08-2026,Road_Repair,GCC Roads,Contractor_27,Road resurfacing,Completed,16-08-2026,21-08-2026,GCC/ROAD/2026/5092,111312,No,No,N/A,Synthetic prototype intervention record
EVT_000294,RD_00221,12-05-2026,Drainage_Work,Telecom Utility,Contractor_05,Pothole filling,Completed,12-05-2026,22-05-2026,GCC/ROAD/2026/4041,235179,No,No,N/A,Synthetic prototype intervention record
EVT_000295,RD_00316,30-03-2026,Resurfacing,GCC Roads,Contractor_23,Pothole filling,Completed,30-03-2026,07-04-2026,GCC/ROAD/2026/3416,46633,No,No,N/A,Synthetic prototype intervention record
EVT_000296,RD_00167,04-08-2026,Road_Repair,GCC Roads,Contractor_14,Utility excavation and restoration,Completed,04-08-2026,16-08-2026,GCC/ROAD/2026/7503,169408,No,No,N/A,Synthetic prototype intervention record
EVT_000297,RD_00319,01-07-2026,Road_Restoration,Other Utility Agency,Contractor_14,Surface repair and maintenance,Completed,01-07-2026,15-07-2026,GCC/ROAD/2026/6261,343938,No,No,N/A,Synthetic prototype intervention record
EVT_000298,RD_00873,21-02-2026,Road_Restoration,Other Utility Agency,Contractor_03,Surface repair and maintenance,Completed,21-02-2026,02-03-2026,GCC/ROAD/2026/3677,59561,No,No,N/A,Synthetic prototype intervention record
EVT_000299,RD_00181,20-05-2026,Resurfacing,GCC Roads,Contractor_01,Pothole filling,Completed,20-05-2026,03-06-2026,GCC/ROAD/2026/5053,136496,No,No,N/A,Synthetic prototype intervention record
EVT_000300,RD_00732,19-03-2026,Drainage_Work,Chennai Metro Water,Contractor_01,Emergency road repair,Completed,19-03-2026,23-03-2026,GCC/ROAD/2026/3716,132974,No,No,N/A,Synthetic prototype intervention record
EVT_000301,RD_00822,14-08-2026,Emergency_Repair,GCC Roads,Contractor_11,Surface repair and maintenance,Completed,14-08-2026,19-08-2026,GCC/ROAD/2026/8402,491447,No,No,N/A,Synthetic prototype intervention record
EVT_000302,RD_00915,05-08-2026,Drainage_Work,Other Utility Agency,Contractor_13,Emergency road repair,Completed,05-08-2026,09-08-2026,GCC/ROAD/2026/5162,211849,No,No,N/A,Synthetic prototype intervention record
EVT_000303,RD_00334,18-04-2026,Road_Cutting,Telecom Utility,Contractor_28,Emergency road repair,Completed,18-04-2026,28-04-2026,GCC/ROAD/2026/2797,679815,Yes,Yes,Yes,Synthetic prototype intervention record
EVT_000304,RD_00544,22-08-2026,Resurfacing,GCC Roads,Contractor_29,Surface repair and maintenance,Completed,22-08-2026,23-08-2026,GCC/ROAD/2026/6506,108176,No,No,N/A,Synthetic prototype intervention record
EVT_000305,RD_00994,18-07-2026,Drainage_Work,Telecom Utility,Contractor_29,Pothole filling,Completed,18-07-2026,27-07-2026,GCC/ROAD/2026/6935,547222,No,No,N/A,Synthetic prototype intervention record
EVT_000306,RD_00136,26-03-2026,Road_Repair,GCC Roads,Contractor_20,Utility excavation and restoration,Completed,26-03-2026,31-03-2026,GCC/ROAD/2026/5441,590055,No,No,N/A,Synthetic prototype intervention record
EVT_000307,RD_00172,19-04-2026,Road_Cutting,TANGEDCO,Contractor_21,Pothole filling,Completed,19-04-2026,30-04-2026,GCC/ROAD/2026/5739,493017,Yes,Yes,Yes,Synthetic prototype intervention record
EVT_000308,RD_00271,11-03-2026,Utility_Excavation,TANGEDCO,Contractor_19,Emergency road repair,Completed,11-03-2026,25-03-2026,GCC/ROAD/2026/6336,108247,Yes,Yes,Yes,Synthetic prototype intervention record
EVT_000309,RD_00884,25-01-2026,Road_Repair,GCC Roads,Contractor_16,Pothole filling,Completed,25-01-2026,06-02-2026,GCC/ROAD/2026/4613,371869,No,No,N/A,Synthetic prototype intervention record
EVT_000310,RD_00578,23-03-2026,Road_Repair,GCC Roads,Contractor_29,Utility excavation and restoration,Completed,23-03-2026,06-04-2026,GCC/ROAD/2026/9341,452985,No,No,N/A,Synthetic prototype intervention record
EVT_000311,RD_00160,14-04-2026,Road_Restoration,Chennai Metro Water,Contractor_22,Pothole filling,Completed,14-04-2026,24-04-2026,GCC/ROAD/2026/7972,661894,No,No,N/A,Synthetic prototype intervention record
EVT_000312,RD_00578,15-07-2026,Road_Repair,GCC Roads,Contractor_02,Drainage maintenance,Completed,15-07-2026,23-07-2026,GCC/ROAD/2026/2109,538763,No,No,N/A,Synthetic prototype intervention record
EVT_000313,RD_00734,27-07-2026,Utility_Work,Other Utility Agency,Contractor_18,Road resurfacing,Completed,27-07-2026,03-08-2026,GCC/ROAD/2026/8049,494069,Yes,Yes,Yes,Synthetic prototype intervention record
EVT_000314,RD_00621,03-01-2026,Road_Cutting,Chennai Metro Water,Contractor_13,Emergency road repair,Completed,03-01-2026,13-01-2026,GCC/ROAD/2026/7186,613881,Yes,Yes,Yes,Synthetic prototype intervention record
EVT_000315,RD_00879,06-04-2026,Road_Repair,GCC Roads,Contractor_03,Drainage maintenance,Completed,06-04-2026,07-04-2026,GCC/ROAD/2026/6662,365961,No,No,N/A,Synthetic prototype intervention record
EVT_000316,RD_00712,06-05-2026,Construction,Other Utility Agency,Contractor_22,Pothole filling,Completed,06-05-2026,16-05-2026,GCC/ROAD/2026/9966,102976,No,No,N/A,Synthetic prototype intervention record
EVT_000317,RD_00425,06-05-2026,Drainage_Work,Chennai Metro Water,Contractor_02,Surface repair and maintenance,Completed,06-05-2026,17-05-2026,GCC/ROAD/2026/6049,566461,No,No,N/A,Synthetic prototype intervention record
EVT_000318,RD_00417,01-03-2026,Road_Repair,GCC Roads,Contractor_29,Pothole filling,Completed,01-03-2026,06-03-2026,GCC/ROAD/2026/2522,589544,No,No,N/A,Synthetic prototype intervention record
EVT_000319,RD_00209,24-04-2026,Resurfacing,GCC Roads,Contractor_27,Drainage maintenance,Completed,24-04-2026,30-04-2026,GCC/ROAD/2026/6315,106733,No,No,N/A,Synthetic prototype intervention record
EVT_000320,RD_00718,14-02-2026,Utility_Work,Chennai Metro Water,Contractor_23,Utility excavation and restoration,Completed,14-02-2026,24-02-2026,GCC/ROAD/2026/6449,426896,Yes,Yes,Yes,Synthetic prototype intervention record
EVT_000321,RD_00525,30-08-2026,Utility_Work,Chennai Metro Water,Contractor_13,Road resurfacing,Completed,30-08-2026,04-09-2026,GCC/ROAD/2026/6688,109386,Yes,Yes,Yes,Synthetic prototype intervention record
EVT_000322,RD_00232,11-08-2026,Resurfacing,GCC Roads,Contractor_09,Pothole filling,Completed,11-08-2026,12-08-2026,GCC/ROAD/2026/1615,398602,No,No,N/A,Synthetic prototype intervention record
EVT_000323,RD_00690,11-04-2026,Utility_Work,Telecom Utility,Contractor_26,Surface repair and maintenance,Completed,11-04-2026,19-04-2026,GCC/ROAD/2026/1793,318151,Yes,Yes,Yes,Synthetic prototype intervention record
EVT_000324,RD_00045,18-03-2026,Resurfacing,GCC Roads,Contractor_15,Road resurfacing,Completed,18-03-2026,30-03-2026,GCC/ROAD/2026/7841,498904,No,No,N/A,Synthetic prototype intervention record
EVT_000325,RD_00056,05-08-2026,Road_Restoration,Other Utility Agency,Contractor_23,Pothole filling,Completed,05-08-2026,15-08-2026,GCC/ROAD/2026/2274,462971,No,No,N/A,Synthetic prototype intervention record
EVT_000326,RD_00953,20-03-2026,Road_Cutting,TANGEDCO,Contractor_23,Utility excavation and restoration,Completed,20-03-2026,23-03-2026,GCC/ROAD/2026/4921,426519,Yes,Yes,Yes,Synthetic prototype intervention record
EVT_000327,RD_00757,21-08-2026,Road_Repair,GCC Roads,Contractor_07,Drainage maintenance,Completed,21-08-2026,22-08-2026,GCC/ROAD/2026/7866,360676,No,No,N/A,Synthetic prototype intervention record
EVT_000328,RD_00387,20-01-2026,Construction,Telecom Utility,Contractor_19,Utility excavation and restoration,Completed,20-01-2026,23-01-2026,GCC/ROAD/2026/2700,492734,No,No,N/A,Synthetic prototype intervention record
EVT_000329,RD_00040,17-02-2026,Pothole_Repair,GCC Roads,Contractor_28,Utility excavation and restoration,Completed,17-02-2026,20-02-2026,GCC/ROAD/2026/4400,422663,No,No,N/A,Synthetic prototype intervention record
EVT_000330,RD_00876,13-03-2026,Drainage_Work,Other Utility Agency,Contractor_22,Utility excavation and restoration,Completed,13-03-2026,16-03-2026,GCC/ROAD/2026/5071,408688,No,No,N/A,Synthetic prototype intervention record
EVT_000331,RD_00419,02-01-2026,Resurfacing,GCC Roads,Contractor_02,Road resurfacing,Completed,02-01-2026,04-01-2026,GCC/ROAD/2026/6918,151539,No,No,N/A,Synthetic prototype intervention record
EVT_000332,RD_00865,10-02-2026,Pothole_Repair,GCC Roads,Contractor_08,Emergency road repair,Completed,10-02-2026,11-02-2026,GCC/ROAD/2026/3539,505774,No,No,N/A,Synthetic prototype intervention record
EVT_000333,RD_00144,16-01-2026,Road_Restoration,TANGEDCO,Contractor_21,Emergency road repair,Completed,16-01-2026,18-01-2026,GCC/ROAD/2026/3062,254719,No,No,N/A,Synthetic prototype intervention record
EVT_000334,RD_00247,31-01-2026,Resurfacing,GCC Roads,Contractor_05,Utility excavation and restoration,Completed,31-01-2026,06-02-2026,GCC/ROAD/2026/5642,749005,No,No,N/A,Synthetic prototype intervention record
EVT_000335,RD_00707,23-03-2026,Resurfacing,GCC Roads,Contractor_08,Surface repair and maintenance,Completed,23-03-2026,25-03-2026,GCC/ROAD/2026/2548,157378,No,No,N/A,Synthetic prototype intervention record
EVT_000336,RD_00236,03-04-2026,Utility_Work,Telecom Utility,Contractor_11,Pothole filling,Completed,03-04-2026,14-04-2026,GCC/ROAD/2026/3616,398648,Yes,Yes,No,Synthetic prototype intervention record
EVT_000337,RD_00513,30-03-2026,Resurfacing,GCC Roads,Contractor_02,Emergency road repair,Completed,30-03-2026,01-04-2026,GCC/ROAD/2026/4845,627191,No,No,N/A,Synthetic prototype intervention record
EVT_000338,RD_00706,23-03-2026,Drainage_Work,Telecom Utility,Contractor_28,Pothole filling,Completed,23-03-2026,02-04-2026,GCC/ROAD/2026/7878,53329,No,No,N/A,Synthetic prototype intervention record
EVT_000339,RD_00806,30-05-2026,Road_Cutting,Other Utility Agency,Contractor_02,Utility excavation and restoration,Completed,30-05-2026,12-06-2026,GCC/ROAD/2026/4039,144183,Yes,Yes,Yes,Synthetic prototype intervention record
EVT_000340,RD_00962,29-01-2026,Road_Repair,GCC Roads,Contractor_21,Pothole filling,Completed,29-01-2026,01-02-2026,GCC/ROAD/2026/8516,266377,No,No,N/A,Synthetic prototype intervention record
EVT_000341,RD_00337,04-07-2026,Emergency_Repair,GCC Roads,Contractor_26,Road resurfacing,Completed,04-07-2026,17-07-2026,GCC/ROAD/2026/1916,31431,No,No,N/A,Synthetic prototype intervention record
EVT_000342,RD_00101,10-02-2026,Utility_Excavation,TANGEDCO,Contractor_13,Road resurfacing,Completed,10-02-2026,18-02-2026,GCC/ROAD/2026/6738,507593,Yes,Yes,Yes,Synthetic prototype intervention record
EVT_000343,RD_00364,14-03-2026,Utility_Excavation,Other Utility Agency,Contractor_02,Surface repair and maintenance,Completed,14-03-2026,28-03-2026,GCC/ROAD/2026/2006,53632,Yes,Yes,Yes,Synthetic prototype intervention record
EVT_000344,RD_00912,07-02-2026,Construction,Other Utility Agency,Contractor_02,Utility excavation and restoration,Completed,07-02-2026,17-02-2026,GCC/ROAD/2026/3780,648928,No,No,N/A,Synthetic prototype intervention record
EVT_000345,RD_00956,05-01-2026,Road_Repair,GCC Roads,Contractor_07,Drainage maintenance,Completed,05-01-2026,12-01-2026,GCC/ROAD/2026/3357,735527,No,No,N/A,Synthetic prototype intervention record
EVT_000346,RD_00820,13-01-2026,Utility_Excavation,Telecom Utility,Contractor_24,Drainage maintenance,Completed,13-01-2026,23-01-2026,GCC/ROAD/2026/4542,243943,Yes,Yes,Yes,Synthetic prototype intervention record
EVT_000347,RD_00148,19-05-2026,Utility_Work,Telecom Utility,Contractor_03,Drainage maintenance,Completed,19-05-2026,29-05-2026,GCC/ROAD/2026/7854,296877,Yes,Yes,Yes,Synthetic prototype intervention record
EVT_000348,RD_00520,15-01-2026,Road_Repair,GCC Roads,Contractor_10,Pothole filling,Completed,15-01-2026,19-01-2026,GCC/ROAD/2026/9986,179051,No,No,N/A,Synthetic prototype intervention record
EVT_000349,RD_00884,13-06-2026,Drainage_Work,TANGEDCO,Contractor_01,Surface repair and maintenance,Completed,13-06-2026,19-06-2026,GCC/ROAD/2026/3422,347516,No,No,N/A,Synthetic prototype intervention record
EVT_000350,RD_00536,03-07-2026,Road_Restoration,TANGEDCO,Contractor_21,Pothole filling,Completed,03-07-2026,10-07-2026,GCC/ROAD/2026/4741,424691,No,No,N/A,Synthetic prototype intervention record
EVT_000351,RD_00650,29-03-2026,Pothole_Repair,GCC Roads,Contractor_01,Emergency road repair,Completed,29-03-2026,11-04-2026,GCC/ROAD/2026/7010,151752,No,No,N/A,Synthetic prototype intervention record
EVT_000352,RD_00594,18-04-2026,Pothole_Repair,GCC Roads,Contractor_21,Surface repair and maintenance,Completed,18-04-2026,29-04-2026,GCC/ROAD/2026/3531,335154,No,No,N/A,Synthetic prototype intervention record
EVT_000353,RD_00477,17-03-2026,Road_Repair,GCC Roads,Contractor_22,Road resurfacing,Completed,17-03-2026,19-03-2026,GCC/ROAD/2026/9006,715867,No,No,N/A,Synthetic prototype intervention record
EVT_000354,RD_00824,17-03-2026,Drainage_Work,Other Utility Agency,Contractor_08,Emergency road repair,Completed,17-03-2026,30-03-2026,GCC/ROAD/2026/8762,33686,No,No,N/A,Synthetic prototype intervention record
EVT_000355,RD_00024,18-07-2026,Road_Restoration,Chennai Metro Water,Contractor_20,Surface repair and maintenance,Completed,18-07-2026,25-07-2026,GCC/ROAD/2026/8705,330544,No,No,N/A,Synthetic prototype intervention record
EVT_000356,RD_00741,14-05-2026,Resurfacing,GCC Roads,Contractor_13,Drainage maintenance,Completed,14-05-2026,26-05-2026,GCC/ROAD/2026/9011,45903,No,No,N/A,Synthetic prototype intervention record
EVT_000357,RD_00223,04-03-2026,Emergency_Repair,GCC Roads,Contractor_23,Pothole filling,Completed,04-03-2026,16-03-2026,GCC/ROAD/2026/2651,419386,No,No,N/A,Synthetic prototype intervention record
EVT_000358,RD_00644,05-07-2026,Road_Restoration,TANGEDCO,Contractor_17,Road resurfacing,Completed,05-07-2026,12-07-2026,GCC/ROAD/2026/1028,180216,No,No,N/A,Synthetic prototype intervention record
EVT_000359,RD_00819,13-03-2026,Utility_Excavation,Other Utility Agency,Contractor_09,Emergency road repair,Completed,13-03-2026,18-03-2026,GCC/ROAD/2026/7994,44621,Yes,Yes,No,Synthetic prototype intervention record
EVT_000360,RD_00825,03-01-2026,Road_Repair,GCC Roads,Contractor_03,Pothole filling,Completed,03-01-2026,14-01-2026,GCC/ROAD/2026/9584,479073,No,No,N/A,Synthetic prototype intervention record
EVT_000361,RD_00884,25-08-2026,Road_Restoration,TANGEDCO,Contractor_01,Drainage maintenance,Completed,25-08-2026,07-09-2026,GCC/ROAD/2026/7558,321477,No,No,N/A,Synthetic prototype intervention record
EVT_000362,RD_00329,30-06-2026,Road_Cutting,Chennai Metro Water,Contractor_27,Pothole filling,Completed,30-06-2026,11-07-2026,GCC/ROAD/2026/7886,135664,Yes,Yes,Yes,Synthetic prototype intervention record
EVT_000363,RD_00770,07-02-2026,Resurfacing,GCC Roads,Contractor_27,Utility excavation and restoration,Completed,07-02-2026,11-02-2026,GCC/ROAD/2026/2212,414019,No,No,N/A,Synthetic prototype intervention record
EVT_000364,RD_00231,14-02-2026,Utility_Excavation,Other Utility Agency,Contractor_03,Drainage maintenance,Completed,14-02-2026,20-02-2026,GCC/ROAD/2026/6445,355652,Yes,Yes,Yes,Synthetic prototype intervention record
EVT_000365,RD_00382,03-03-2026,Pothole_Repair,GCC Roads,Contractor_05,Road resurfacing,Completed,03-03-2026,05-03-2026,GCC/ROAD/2026/5304,543975,No,No,N/A,Synthetic prototype intervention record
EVT_000366,RD_00167,20-01-2026,Resurfacing,GCC Roads,Contractor_27,Pothole filling,Completed,20-01-2026,22-01-2026,GCC/ROAD/2026/9689,263596,No,No,N/A,Synthetic prototype intervention record
EVT_000367,RD_00761,09-02-2026,Resurfacing,GCC Roads,Contractor_17,Emergency road repair,Completed,09-02-2026,18-02-2026,GCC/ROAD/2026/9839,698799,No,No,N/A,Synthetic prototype intervention record
EVT_000368,RD_00578,29-08-2026,Utility_Work,TANGEDCO,Contractor_26,Road resurfacing,Completed,29-08-2026,10-09-2026,GCC/ROAD/2026/4303,466269,Yes,Yes,No,Synthetic prototype intervention record
EVT_000369,RD_00720,08-06-2026,Drainage_Work,Other Utility Agency,Contractor_07,Pothole filling,Completed,08-06-2026,12-06-2026,GCC/ROAD/2026/4766,532387,No,No,N/A,Synthetic prototype intervention record
EVT_000370,RD_00682,27-06-2026,Drainage_Work,TANGEDCO,Contractor_13,Surface repair and maintenance,Completed,27-06-2026,11-07-2026,GCC/ROAD/2026/3785,561538,No,No,N/A,Synthetic prototype intervention record
EVT_000371,RD_00276,01-09-2026,Road_Restoration,Telecom Utility,Contractor_05,Emergency road repair,Completed,01-09-2026,03-09-2026,GCC/ROAD/2026/3405,676969,No,No,N/A,Synthetic prototype intervention record
EVT_000372,RD_00628,15-02-2026,Utility_Excavation,Telecom Utility,Contractor_21,Emergency road repair,Completed,15-02-2026,21-02-2026,GCC/ROAD/2026/9462,621097,Yes,Yes,Yes,Synthetic prototype intervention record
EVT_000373,RD_00396,12-04-2026,Road_Repair,GCC Roads,Contractor_03,Emergency road repair,Completed,12-04-2026,15-04-2026,GCC/ROAD/2026/4859,198858,No,No,N/A,Synthetic prototype intervention record
EVT_000374,RD_00333,29-06-2026,Drainage_Work,Other Utility Agency,Contractor_02,Road resurfacing,Completed,29-06-2026,05-07-2026,GCC/ROAD/2026/4885,108454,No,No,N/A,Synthetic prototype intervention record
EVT_000375,RD_00473,02-04-2026,Road_Repair,GCC Roads,Contractor_17,Pothole filling,Completed,02-04-2026,11-04-2026,GCC/ROAD/2026/8444,287834,No,No,N/A,Synthetic prototype intervention record
EVT_000376,RD_00412,28-02-2026,Pothole_Repair,GCC Roads,Contractor_25,Emergency road repair,Completed,28-02-2026,13-03-2026,GCC/ROAD/2026/4876,455292,No,No,N/A,Synthetic prototype intervention record
EVT_000377,RD_00971,09-08-2026,Resurfacing,GCC Roads,Contractor_05,Pothole filling,Completed,09-08-2026,20-08-2026,GCC/ROAD/2026/9065,56701,No,No,N/A,Synthetic prototype intervention record
EVT_000378,RD_00573,03-01-2026,Resurfacing,GCC Roads,Contractor_18,Utility excavation and restoration,Completed,03-01-2026,17-01-2026,GCC/ROAD/2026/1535,702566,No,No,N/A,Synthetic prototype intervention record
EVT_000379,RD_00311,03-02-2026,Utility_Work,TANGEDCO,Contractor_21,Utility excavation and restoration,Completed,03-02-2026,15-02-2026,GCC/ROAD/2026/9380,81714,Yes,Yes,Yes,Synthetic prototype intervention record
EVT_000380,RD_00085,02-04-2026,Drainage_Work,Other Utility Agency,Contractor_29,Pothole filling,Completed,02-04-2026,15-04-2026,GCC/ROAD/2026/9446,462362,No,No,N/A,Synthetic prototype intervention record
EVT_000381,RD_00252,24-01-2026,Utility_Excavation,Other Utility Agency,Contractor_26,Emergency road repair,Completed,24-01-2026,27-01-2026,GCC/ROAD/2026/5440,381915,Yes,Yes,No,Synthetic prototype intervention record
EVT_000382,RD_00019,14-04-2026,Resurfacing,GCC Roads,Contractor_06,Surface repair and maintenance,Completed,14-04-2026,21-04-2026,GCC/ROAD/2026/6426,367942,No,No,N/A,Synthetic prototype intervention record
EVT_000383,RD_00374,30-07-2026,Utility_Excavation,Other Utility Agency,Contractor_30,Pothole filling,Completed,30-07-2026,08-08-2026,GCC/ROAD/2026/4059,242566,Yes,Yes,Yes,Synthetic prototype intervention record
EVT_000384,RD_00284,23-03-2026,Utility_Excavation,Other Utility Agency,Contractor_12,Pothole filling,Completed,23-03-2026,30-03-2026,GCC/ROAD/2026/4052,481880,Yes,Yes,Yes,Synthetic prototype intervention record
EVT_000385,RD_00098,20-08-2026,Drainage_Work,TANGEDCO,Contractor_21,Utility excavation and restoration,Completed,20-08-2026,02-09-2026,GCC/ROAD/2026/4225,205465,No,No,N/A,Synthetic prototype intervention record
EVT_000386,RD_00432,03-07-2026,Construction,TANGEDCO,Contractor_30,Drainage maintenance,Completed,03-07-2026,16-07-2026,GCC/ROAD/2026/2426,675775,No,No,N/A,Synthetic prototype intervention record
EVT_000387,RD_00756,06-05-2026,Road_Cutting,Telecom Utility,Contractor_21,Surface repair and maintenance,Completed,06-05-2026,16-05-2026,GCC/ROAD/2026/4353,529540,Yes,Yes,Yes,Synthetic prototype intervention record
EVT_000388,RD_00082,30-07-2026,Drainage_Work,Chennai Metro Water,Contractor_04,Pothole filling,Completed,30-07-2026,01-08-2026,GCC/ROAD/2026/8230,291734,No,No,N/A,Synthetic prototype intervention record
EVT_000389,RD_00504,29-05-2026,Road_Cutting,Chennai Metro Water,Contractor_11,Emergency road repair,Completed,29-05-2026,05-06-2026,GCC/ROAD/2026/7061,420205,Yes,Yes,Yes,Synthetic prototype intervention record
EVT_000390,RD_00735,09-03-2026,Road_Cutting,Chennai Metro Water,Contractor_12,Road resurfacing,Completed,09-03-2026,13-03-2026,GCC/ROAD/2026/6676,65865,Yes,Yes,Yes,Synthetic prototype intervention record
EVT_000391,RD_00334,09-07-2026,Pothole_Repair,GCC Roads,Contractor_04,Surface repair and maintenance,Completed,09-07-2026,21-07-2026,GCC/ROAD/2026/5158,87359,No,No,N/A,Synthetic prototype intervention record
EVT_000392,RD_00545,16-06-2026,Road_Cutting,Other Utility Agency,Contractor_22,Drainage maintenance,Completed,16-06-2026,22-06-2026,GCC/ROAD/2026/5680,421182,Yes,Yes,Yes,Synthetic prototype intervention record
EVT_000393,RD_00952,01-09-2026,Resurfacing,GCC Roads,Contractor_05,Surface repair and maintenance,Completed,01-09-2026,15-09-2026,GCC/ROAD/2026/8368,77016,No,No,N/A,Synthetic prototype intervention record
EVT_000394,RD_00531,17-03-2026,Drainage_Work,TANGEDCO,Contractor_21,Emergency road repair,Completed,17-03-2026,27-03-2026,GCC/ROAD/2026/9745,180114,No,No,N/A,Synthetic prototype intervention record
EVT_000395,RD_00312,19-07-2026,Road_Repair,GCC Roads,Contractor_02,Utility excavation and restoration,Completed,19-07-2026,26-07-2026,GCC/ROAD/2026/7978,233980,No,No,N/A,Synthetic prototype intervention record
EVT_000396,RD_00319,24-08-2026,Emergency_Repair,GCC Roads,Contractor_27,Pothole filling,Completed,24-08-2026,02-09-2026,GCC/ROAD/2026/6568,350881,No,No,N/A,Synthetic prototype intervention record
EVT_000397,RD_00582,19-03-2026,Pothole_Repair,GCC Roads,Contractor_22,Road resurfacing,Completed,19-03-2026,22-03-2026,GCC/ROAD/2026/8132,160317,No,No,N/A,Synthetic prototype intervention record
EVT_000398,RD_00911,15-07-2026,Drainage_Work,Chennai Metro Water,Contractor_25,Surface repair and maintenance,Completed,15-07-2026,17-07-2026,GCC/ROAD/2026/9870,135449,No,No,N/A,Synthetic prototype intervention record
EVT_000399,RD_00536,11-04-2026,Road_Restoration,TANGEDCO,Contractor_25,Road resurfacing,Completed,11-04-2026,14-04-2026,GCC/ROAD/2026/5970,288351,No,No,N/A,Synthetic prototype intervention record
EVT_000400,RD_00148,04-06-2026,Resurfacing,GCC Roads,Contractor_09,Utility excavation and restoration,Completed,04-06-2026,17-06-2026,GCC/ROAD/2026/6612,449034,No,No,N/A,Synthetic prototype intervention record
EVT_000401,RD_00114,09-02-2026,Construction,Chennai Metro Water,Contractor_26,Utility excavation and restoration,Completed,09-02-2026,21-02-2026,GCC/ROAD/2026/1085,585968,No,No,N/A,Synthetic prototype intervention record
EVT_000402,RD_00565,28-08-2026,Road_Repair,GCC Roads,Contractor_04,Pothole filling,Completed,28-08-2026,11-09-2026,GCC/ROAD/2026/3108,299604,No,No,N/A,Synthetic prototype intervention record
EVT_000403,RD_00980,24-05-2026,Utility_Work,TANGEDCO,Contractor_14,Drainage maintenance,Completed,24-05-2026,25-05-2026,GCC/ROAD/2026/8609,27776,Yes,Yes,Yes,Synthetic prototype intervention record
EVT_000404,RD_00239,30-01-2026,Utility_Work,Chennai Metro Water,Contractor_18,Emergency road repair,Completed,30-01-2026,06-02-2026,GCC/ROAD/2026/6909,688033,Yes,Yes,Yes,Synthetic prototype intervention record
EVT_000405,RD_00257,01-08-2026,Road_Restoration,Telecom Utility,Contractor_05,Emergency road repair,Completed,01-08-2026,04-08-2026,GCC/ROAD/2026/2019,300734,No,No,N/A,Synthetic prototype intervention record
EVT_000406,RD_00556,18-02-2026,Road_Cutting,Telecom Utility,Contractor_26,Emergency road repair,Completed,18-02-2026,19-02-2026,GCC/ROAD/2026/8198,592245,Yes,Yes,Yes,Synthetic prototype intervention record
EVT_000407,RD_00174,30-03-2026,Drainage_Work,Other Utility Agency,Contractor_17,Road resurfacing,Completed,30-03-2026,04-04-2026,GCC/ROAD/2026/2306,559308,No,No,N/A,Synthetic prototype intervention record
EVT_000408,RD_00573,18-08-2026,Resurfacing,GCC Roads,Contractor_08,Emergency road repair,Completed,18-08-2026,30-08-2026,GCC/ROAD/2026/8073,121348,No,No,N/A,Synthetic prototype intervention record
EVT_000409,RD_00677,19-04-2026,Drainage_Work,TANGEDCO,Contractor_14,Drainage maintenance,Completed,19-04-2026,30-04-2026,GCC/ROAD/2026/9290,346197,No,No,N/A,Synthetic prototype intervention record
EVT_000410,RD_00352,23-07-2026,Road_Restoration,Telecom Utility,Contractor_04,Emergency road repair,Completed,23-07-2026,02-08-2026,GCC/ROAD/2026/4073,542857,No,No,N/A,Synthetic prototype intervention record
EVT_000411,RD_00648,13-07-2026,Pothole_Repair,GCC Roads,Contractor_23,Road resurfacing,Completed,13-07-2026,24-07-2026,GCC/ROAD/2026/5198,103462,No,No,N/A,Synthetic prototype intervention record
EVT_000412,RD_00102,10-05-2026,Road_Restoration,Chennai Metro Water,Contractor_09,Road resurfacing,Completed,10-05-2026,21-05-2026,GCC/ROAD/2026/2620,75737,No,No,N/A,Synthetic prototype intervention record
EVT_000413,RD_00436,02-03-2026,Utility_Work,Telecom Utility,Contractor_02,Road resurfacing,Completed,02-03-2026,05-03-2026,GCC/ROAD/2026/5845,54373,Yes,Yes,No,Synthetic prototype intervention record
EVT_000414,RD_00231,15-04-2026,Road_Repair,GCC Roads,Contractor_17,Road resurfacing,Completed,15-04-2026,20-04-2026,GCC/ROAD/2026/3374,722502,No,No,N/A,Synthetic prototype intervention record
EVT_000415,RD_00452,30-01-2026,Road_Repair,GCC Roads,Contractor_23,Utility excavation and restoration,Completed,30-01-2026,12-02-2026,GCC/ROAD/2026/9523,591357,No,No,N/A,Synthetic prototype intervention record
EVT_000416,RD_00408,01-03-2026,Emergency_Repair,GCC Roads,Contractor_02,Pothole filling,Completed,01-03-2026,08-03-2026,GCC/ROAD/2026/7850,709827,No,No,N/A,Synthetic prototype intervention record
EVT_000417,RD_00803,22-03-2026,Road_Repair,GCC Roads,Contractor_22,Emergency road repair,Completed,22-03-2026,24-03-2026,GCC/ROAD/2026/8951,280624,No,No,N/A,Synthetic prototype intervention record
EVT_000418,RD_00131,05-08-2026,Road_Repair,GCC Roads,Contractor_23,Surface repair and maintenance,Completed,05-08-2026,10-08-2026,GCC/ROAD/2026/7337,191546,No,No,N/A,Synthetic prototype intervention record
EVT_000419,RD_00694,24-01-2026,Construction,Chennai Metro Water,Contractor_14,Drainage maintenance,Completed,24-01-2026,26-01-2026,GCC/ROAD/2026/5815,362089,No,No,N/A,Synthetic prototype intervention record
EVT_000420,RD_00932,29-08-2026,Road_Repair,GCC Roads,Contractor_09,Utility excavation and restoration,Completed,29-08-2026,07-09-2026,GCC/ROAD/2026/2702,499232,No,No,N/A,Synthetic prototype intervention record
EVT_000421,RD_00162,08-08-2026,Utility_Work,TANGEDCO,Contractor_19,Drainage maintenance,Completed,08-08-2026,18-08-2026,GCC/ROAD/2026/9227,61740,Yes,Yes,Yes,Synthetic prototype intervention record
EVT_000422,RD_00576,07-06-2026,Road_Repair,GCC Roads,Contractor_03,Utility excavation and restoration,Completed,07-06-2026,15-06-2026,GCC/ROAD/2026/8829,340587,No,No,N/A,Synthetic prototype intervention record
EVT_000423,RD_00681,19-06-2026,Pothole_Repair,GCC Roads,Contractor_16,Emergency road repair,Completed,19-06-2026,21-06-2026,GCC/ROAD/2026/7675,526649,No,No,N/A,Synthetic prototype intervention record
EVT_000424,RD_00171,14-02-2026,Pothole_Repair,GCC Roads,Contractor_24,Drainage maintenance,Completed,14-02-2026,18-02-2026,GCC/ROAD/2026/2285,531972,No,No,N/A,Synthetic prototype intervention record
EVT_000425,RD_00464,16-08-2026,Utility_Excavation,TANGEDCO,Contractor_19,Drainage maintenance,Completed,16-08-2026,24-08-2026,GCC/ROAD/2026/5214,338922,Yes,Yes,Yes,Synthetic prototype intervention record
EVT_000426,RD_00412,02-07-2026,Pothole_Repair,GCC Roads,Contractor_25,Emergency road repair,Completed,02-07-2026,04-07-2026,GCC/ROAD/2026/6458,415234,No,No,N/A,Synthetic prototype intervention record
EVT_000427,RD_00085,14-01-2026,Pothole_Repair,GCC Roads,Contractor_07,Surface repair and maintenance,Completed,14-01-2026,26-01-2026,GCC/ROAD/2026/5883,483139,No,No,N/A,Synthetic prototype intervention record
EVT_000428,RD_00493,05-03-2026,Road_Cutting,Chennai Metro Water,Contractor_05,Emergency road repair,Completed,05-03-2026,15-03-2026,GCC/ROAD/2026/5114,214430,Yes,Yes,Yes,Synthetic prototype intervention record
EVT_000429,RD_00131,08-02-2026,Road_Cutting,Other Utility Agency,Contractor_09,Surface repair and maintenance,Completed,08-02-2026,21-02-2026,GCC/ROAD/2026/9693,233320,Yes,Yes,Yes,Synthetic prototype intervention record
EVT_000430,RD_00578,15-08-2026,Emergency_Repair,GCC Roads,Contractor_16,Surface repair and maintenance,Completed,15-08-2026,19-08-2026,GCC/ROAD/2026/5803,303956,No,No,N/A,Synthetic prototype intervention record
EVT_000431,RD_00499,09-03-2026,Road_Repair,GCC Roads,Contractor_09,Drainage maintenance,Completed,09-03-2026,12-03-2026,GCC/ROAD/2026/8364,75444,No,No,N/A,Synthetic prototype intervention record
EVT_000432,RD_00682,15-06-2026,Road_Restoration,Telecom Utility,Contractor_18,Emergency road repair,Completed,15-06-2026,27-06-2026,GCC/ROAD/2026/1402,134161,No,No,N/A,Synthetic prototype intervention record
EVT_000433,RD_00123,23-08-2026,Resurfacing,GCC Roads,Contractor_03,Road resurfacing,Completed,23-08-2026,28-08-2026,GCC/ROAD/2026/5990,54932,No,No,N/A,Synthetic prototype intervention record
EVT_000434,RD_00476,26-07-2026,Road_Cutting,Other Utility Agency,Contractor_16,Pothole filling,Completed,26-07-2026,27-07-2026,GCC/ROAD/2026/9523,607489,Yes,Yes,Yes,Synthetic prototype intervention record
EVT_000435,RD_00828,02-05-2026,Utility_Excavation,Other Utility Agency,Contractor_19,Pothole filling,Completed,02-05-2026,12-05-2026,GCC/ROAD/2026/9916,711179,Yes,Yes,Yes,Synthetic prototype intervention record
EVT_000436,RD_00138,16-06-2026,Road_Restoration,Telecom Utility,Contractor_19,Emergency road repair,Completed,16-06-2026,22-06-2026,GCC/ROAD/2026/9349,288416,No,No,N/A,Synthetic prototype intervention record
EVT_000437,RD_00396,02-05-2026,Road_Cutting,Telecom Utility,Contractor_08,Pothole filling,Completed,02-05-2026,07-05-2026,GCC/ROAD/2026/9481,124747,Yes,Yes,Yes,Synthetic prototype intervention record
EVT_000438,RD_00486,07-05-2026,Resurfacing,GCC Roads,Contractor_17,Emergency road repair,Completed,07-05-2026,13-05-2026,GCC/ROAD/2026/9424,660017,No,No,N/A,Synthetic prototype intervention record
EVT_000439,RD_00603,21-04-2026,Resurfacing,GCC Roads,Contractor_30,Road resurfacing,Completed,21-04-2026,03-05-2026,GCC/ROAD/2026/2539,443935,No,No,N/A,Synthetic prototype intervention record
EVT_000440,RD_00207,10-08-2026,Road_Repair,GCC Roads,Contractor_14,Emergency road repair,Completed,10-08-2026,19-08-2026,GCC/ROAD/2026/9216,202117,No,No,N/A,Synthetic prototype intervention record
EVT_000441,RD_00258,03-03-2026,Utility_Excavation,Chennai Metro Water,Contractor_09,Utility excavation and restoration,Completed,03-03-2026,10-03-2026,GCC/ROAD/2026/2422,475717,Yes,Yes,Yes,Synthetic prototype intervention record
EVT_000442,RD_00035,05-01-2026,Drainage_Work,Telecom Utility,Contractor_05,Road resurfacing,Completed,05-01-2026,15-01-2026,GCC/ROAD/2026/3525,306239,No,No,N/A,Synthetic prototype intervention record
EVT_000443,RD_00942,13-03-2026,Pothole_Repair,GCC Roads,Contractor_19,Surface repair and maintenance,Completed,13-03-2026,14-03-2026,GCC/ROAD/2026/1751,554403,No,No,N/A,Synthetic prototype intervention record
EVT_000444,RD_00936,15-02-2026,Resurfacing,GCC Roads,Contractor_13,Road resurfacing,Completed,15-02-2026,17-02-2026,GCC/ROAD/2026/6868,628667,No,No,N/A,Synthetic prototype intervention record
EVT_000445,RD_00349,25-08-2026,Utility_Work,Other Utility Agency,Contractor_19,Emergency road repair,Completed,25-08-2026,04-09-2026,GCC/ROAD/2026/2944,486607,Yes,Yes,Yes,Synthetic prototype intervention record
EVT_000446,RD_00961,07-05-2026,Road_Cutting,Telecom Utility,Contractor_16,Drainage maintenance,Completed,07-05-2026,10-05-2026,GCC/ROAD/2026/4071,649476,Yes,Yes,Yes,Synthetic prototype intervention record
EVT_000447,RD_00316,04-01-2026,Road_Repair,GCC Roads,Contractor_02,Emergency road repair,Completed,04-01-2026,05-01-2026,GCC/ROAD/2026/5422,687627,No,No,N/A,Synthetic prototype intervention record
EVT_000448,RD_00836,17-02-2026,Resurfacing,GCC Roads,Contractor_08,Utility excavation and restoration,Completed,17-02-2026,01-03-2026,GCC/ROAD/2026/7878,560748,No,No,N/A,Synthetic prototype intervention record
EVT_000449,RD_00528,21-03-2026,Road_Repair,GCC Roads,Contractor_05,Surface repair and maintenance,Completed,21-03-2026,22-03-2026,GCC/ROAD/2026/8382,303272,No,No,N/A,Synthetic prototype intervention record
EVT_000450,RD_00491,18-02-2026,Road_Repair,GCC Roads,Contractor_09,Utility excavation and restoration,Completed,18-02-2026,03-03-2026,GCC/ROAD/2026/7972,458111,No,No,N/A,Synthetic prototype intervention record
EVT_000451,RD_00220,21-06-2026,Utility_Excavation,Chennai Metro Water,Contractor_30,Pothole filling,Completed,21-06-2026,24-06-2026,GCC/ROAD/2026/5590,473141,Yes,Yes,Yes,Synthetic prototype intervention record
EVT_000452,RD_00301,06-02-2026,Pothole_Repair,GCC Roads,Contractor_25,Emergency road repair,Completed,06-02-2026,19-02-2026,GCC/ROAD/2026/5931,598404,No,No,N/A,Synthetic prototype intervention record
EVT_000453,RD_00131,08-06-2026,Road_Repair,GCC Roads,Contractor_29,Pothole filling,Completed,08-06-2026,22-06-2026,GCC/ROAD/2026/3703,703697,No,No,N/A,Synthetic prototype intervention record
EVT_000454,RD_00273,24-01-2026,Pothole_Repair,GCC Roads,Contractor_20,Road resurfacing,Completed,24-01-2026,02-02-2026,GCC/ROAD/2026/1170,94394,No,No,N/A,Synthetic prototype intervention record
EVT_000455,RD_00693,04-06-2026,Road_Repair,GCC Roads,Contractor_09,Road resurfacing,Completed,04-06-2026,09-06-2026,GCC/ROAD/2026/3295,191955,No,No,N/A,Synthetic prototype intervention record
EVT_000456,RD_00707,15-02-2026,Road_Restoration,Telecom Utility,Contractor_18,Drainage maintenance,Completed,15-02-2026,21-02-2026,GCC/ROAD/2026/8817,649626,No,No,N/A,Synthetic prototype intervention record
EVT_000457,RD_00274,24-02-2026,Emergency_Repair,GCC Roads,Contractor_19,Drainage maintenance,Completed,24-02-2026,08-03-2026,GCC/ROAD/2026/4808,324995,No,No,N/A,Synthetic prototype intervention record
EVT_000458,RD_00969,27-02-2026,Pothole_Repair,GCC Roads,Contractor_28,Surface repair and maintenance,Completed,27-02-2026,28-02-2026,GCC/ROAD/2026/1805,675456,No,No,N/A,Synthetic prototype intervention record
EVT_000459,RD_00599,27-08-2026,Road_Cutting,TANGEDCO,Contractor_30,Road resurfacing,Completed,27-08-2026,02-09-2026,GCC/ROAD/2026/2501,624123,Yes,Yes,Yes,Synthetic prototype intervention record
EVT_000460,RD_00941,12-05-2026,Resurfacing,GCC Roads,Contractor_27,Utility excavation and restoration,Completed,12-05-2026,17-05-2026,GCC/ROAD/2026/1659,175180,No,No,N/A,Synthetic prototype intervention record
EVT_000461,RD_00746,08-02-2026,Road_Repair,GCC Roads,Contractor_29,Utility excavation and restoration,Completed,08-02-2026,18-02-2026,GCC/ROAD/2026/4281,282721,No,No,N/A,Synthetic prototype intervention record
EVT_000462,RD_00553,12-08-2026,Resurfacing,GCC Roads,Contractor_12,Emergency road repair,Completed,12-08-2026,16-08-2026,GCC/ROAD/2026/2669,523605,No,No,N/A,Synthetic prototype intervention record
EVT_000463,RD_00510,18-03-2026,Resurfacing,GCC Roads,Contractor_03,Emergency road repair,Completed,18-03-2026,28-03-2026,GCC/ROAD/2026/9144,376237,No,No,N/A,Synthetic prototype intervention record
EVT_000464,RD_00662,20-02-2026,Resurfacing,GCC Roads,Contractor_05,Utility excavation and restoration,Completed,20-02-2026,26-02-2026,GCC/ROAD/2026/6882,179269,No,No,N/A,Synthetic prototype intervention record
EVT_000465,RD_00963,02-06-2026,Resurfacing,GCC Roads,Contractor_28,Drainage maintenance,Completed,02-06-2026,16-06-2026,GCC/ROAD/2026/6511,671024,No,No,N/A,Synthetic prototype intervention record
EVT_000466,RD_00672,01-05-2026,Road_Repair,GCC Roads,Contractor_29,Pothole filling,Completed,01-05-2026,12-05-2026,GCC/ROAD/2026/4371,140438,No,No,N/A,Synthetic prototype intervention record
EVT_000467,RD_00271,31-07-2026,Emergency_Repair,GCC Roads,Contractor_16,Drainage maintenance,Completed,31-07-2026,03-08-2026,GCC/ROAD/2026/9688,206858,No,No,N/A,Synthetic prototype intervention record
EVT_000468,RD_00273,05-07-2026,Road_Cutting,TANGEDCO,Contractor_11,Pothole filling,Completed,05-07-2026,19-07-2026,GCC/ROAD/2026/2574,56985,Yes,Yes,Yes,Synthetic prototype intervention record
EVT_000469,RD_00595,17-03-2026,Resurfacing,GCC Roads,Contractor_09,Emergency road repair,Completed,17-03-2026,24-03-2026,GCC/ROAD/2026/4551,597555,No,No,N/A,Synthetic prototype intervention record
EVT_000470,RD_00675,31-01-2026,Pothole_Repair,GCC Roads,Contractor_02,Pothole filling,Completed,31-01-2026,09-02-2026,GCC/ROAD/2026/3885,205699,No,No,N/A,Synthetic prototype intervention record
EVT_000471,RD_00716,28-01-2026,Utility_Excavation,Chennai Metro Water,Contractor_26,Emergency road repair,Completed,28-01-2026,10-02-2026,GCC/ROAD/2026/5090,473940,Yes,Yes,Yes,Synthetic prototype intervention record
EVT_000472,RD_00261,21-03-2026,Emergency_Repair,GCC Roads,Contractor_03,Road resurfacing,Completed,21-03-2026,31-03-2026,GCC/ROAD/2026/8478,36810,No,No,N/A,Synthetic prototype intervention record
EVT_000473,RD_00629,18-01-2026,Road_Repair,GCC Roads,Contractor_05,Drainage maintenance,Completed,18-01-2026,29-01-2026,GCC/ROAD/2026/9830,140456,No,No,N/A,Synthetic prototype intervention record
EVT_000474,RD_00631,11-08-2026,Utility_Work,TANGEDCO,Contractor_21,Surface repair and maintenance,Completed,11-08-2026,25-08-2026,GCC/ROAD/2026/6500,194867,Yes,Yes,Yes,Synthetic prototype intervention record
EVT_000475,RD_00466,05-05-2026,Utility_Excavation,TANGEDCO,Contractor_09,Drainage maintenance,Completed,05-05-2026,17-05-2026,GCC/ROAD/2026/7201,185444,Yes,Yes,No,Synthetic prototype intervention record
EVT_000476,RD_00651,05-01-2026,Pothole_Repair,GCC Roads,Contractor_03,Utility excavation and restoration,Completed,05-01-2026,09-01-2026,GCC/ROAD/2026/6534,725118,No,No,N/A,Synthetic prototype intervention record
EVT_000477,RD_00882,04-06-2026,Pothole_Repair,GCC Roads,Contractor_21,Road resurfacing,Completed,04-06-2026,12-06-2026,GCC/ROAD/2026/9839,549376,No,No,N/A,Synthetic prototype intervention record
EVT_000478,RD_00140,29-07-2026,Resurfacing,GCC Roads,Contractor_14,Drainage maintenance,Completed,29-07-2026,10-08-2026,GCC/ROAD/2026/4481,401638,No,No,N/A,Synthetic prototype intervention record
EVT_000479,RD_00367,04-07-2026,Road_Cutting,Chennai Metro Water,Contractor_18,Surface repair and maintenance,Completed,04-07-2026,13-07-2026,GCC/ROAD/2026/4068,226492,Yes,Yes,Yes,Synthetic prototype intervention record
EVT_000480,RD_00038,06-01-2026,Road_Repair,GCC Roads,Contractor_05,Surface repair and maintenance,Completed,06-01-2026,10-01-2026,GCC/ROAD/2026/7731,675497,No,No,N/A,Synthetic prototype intervention record
EVT_000481,RD_00312,04-01-2026,Road_Repair,GCC Roads,Contractor_13,Drainage maintenance,Completed,04-01-2026,18-01-2026,GCC/ROAD/2026/5099,91031,No,No,N/A,Synthetic prototype intervention record
EVT_000482,RD_00947,26-03-2026,Road_Repair,GCC Roads,Contractor_02,Road resurfacing,Completed,26-03-2026,04-04-2026,GCC/ROAD/2026/3503,288929,No,No,N/A,Synthetic prototype intervention record
EVT_000483,RD_00494,12-04-2026,Pothole_Repair,GCC Roads,Contractor_27,Surface repair and maintenance,Completed,12-04-2026,21-04-2026,GCC/ROAD/2026/7618,62634,No,No,N/A,Synthetic prototype intervention record
EVT_000484,RD_00205,12-04-2026,Road_Repair,GCC Roads,Contractor_21,Drainage maintenance,Completed,12-04-2026,16-04-2026,GCC/ROAD/2026/9107,410987,No,No,N/A,Synthetic prototype intervention record
EVT_000485,RD_00746,13-08-2026,Resurfacing,GCC Roads,Contractor_27,Road resurfacing,Completed,13-08-2026,27-08-2026,GCC/ROAD/2026/2472,53988,No,No,N/A,Synthetic prototype intervention record
EVT_000486,RD_00027,24-08-2026,Road_Restoration,Chennai Metro Water,Contractor_30,Utility excavation and restoration,Completed,24-08-2026,02-09-2026,GCC/ROAD/2026/4595,711933,No,No,N/A,Synthetic prototype intervention record
EVT_000487,RD_00196,22-01-2026,Drainage_Work,TANGEDCO,Contractor_10,Pothole filling,Completed,22-01-2026,29-01-2026,GCC/ROAD/2026/5893,673587,No,No,N/A,Synthetic prototype intervention record
EVT_000488,RD_00687,20-07-2026,Drainage_Work,Telecom Utility,Contractor_09,Surface repair and maintenance,Completed,20-07-2026,27-07-2026,GCC/ROAD/2026/3078,423733,No,No,N/A,Synthetic prototype intervention record
EVT_000489,RD_00471,06-06-2026,Resurfacing,GCC Roads,Contractor_14,Emergency road repair,Completed,06-06-2026,19-06-2026,GCC/ROAD/2026/9466,662167,No,No,N/A,Synthetic prototype intervention record
EVT_000490,RD_00510,08-05-2026,Utility_Work,Chennai Metro Water,Contractor_07,Road resurfacing,Completed,08-05-2026,14-05-2026,GCC/ROAD/2026/8003,316552,Yes,Yes,Yes,Synthetic prototype intervention record
EVT_000491,RD_00885,08-07-2026,Pothole_Repair,GCC Roads,Contractor_17,Drainage maintenance,Completed,08-07-2026,21-07-2026,GCC/ROAD/2026/5397,560033,No,No,N/A,Synthetic prototype intervention record
EVT_000492,RD_00080,08-06-2026,Utility_Work,Telecom Utility,Contractor_12,Pothole filling,Completed,08-06-2026,10-06-2026,GCC/ROAD/2026/3439,174215,Yes,Yes,Yes,Synthetic prototype intervention record
EVT_000493,RD_00338,24-01-2026,Resurfacing,GCC Roads,Contractor_27,Utility excavation and restoration,Completed,24-01-2026,28-01-2026,GCC/ROAD/2026/2159,364480,No,No,N/A,Synthetic prototype intervention record
EVT_000494,RD_00487,22-08-2026,Road_Cutting,Chennai Metro Water,Contractor_13,Emergency road repair,Completed,22-08-2026,26-08-2026,GCC/ROAD/2026/4047,677695,Yes,Yes,Yes,Synthetic prototype intervention record
EVT_000495,RD_00987,19-02-2026,Drainage_Work,Telecom Utility,Contractor_14,Road resurfacing,Completed,19-02-2026,27-02-2026,GCC/ROAD/2026/3368,387226,No,No,N/A,Synthetic prototype intervention record
EVT_000496,RD_00053,03-02-2026,Emergency_Repair,GCC Roads,Contractor_09,Utility excavation and restoration,Completed,03-02-2026,16-02-2026,GCC/ROAD/2026/4029,184413,No,No,N/A,Synthetic prototype intervention record
EVT_000497,RD_00531,06-08-2026,Drainage_Work,Chennai Metro Water,Contractor_16,Emergency road repair,Completed,06-08-2026,13-08-2026,GCC/ROAD/2026/5408,600853,No,No,N/A,Synthetic prototype intervention record
EVT_000498,RD_00379,15-04-2026,Pothole_Repair,GCC Roads,Contractor_18,Pothole filling,Completed,15-04-2026,28-04-2026,GCC/ROAD/2026/6287,613601,No,No,N/A,Synthetic prototype intervention record
EVT_000499,RD_00816,01-07-2026,Resurfacing,GCC Roads,Contractor_17,Drainage maintenance,Completed,01-07-2026,13-07-2026,GCC/ROAD/2026/4620,698671,No,No,N/A,Synthetic prototype intervention record
EVT_000500,RD_00560,04-04-2026,Road_Restoration,Chennai Metro Water,Contractor_11,Road resurfacing,Completed,04-04-2026,15-04-2026,GCC/ROAD/2026/1617,444934,No,No,N/A,Synthetic prototype intervention record
EVT_000501,RD_00027,03-06-2026,Utility_Excavation,Telecom Utility,Contractor_22,Emergency road repair,Completed,03-06-2026,06-06-2026,GCC/ROAD/2026/1805,33673,Yes,Yes,Yes,Synthetic prototype intervention record
EVT_000502,RD_00509,01-02-2026,Road_Cutting,Other Utility Agency,Contractor_18,Road resurfacing,Completed,01-02-2026,08-02-2026,GCC/ROAD/2026/5241,102168,Yes,Yes,Yes,Synthetic prototype intervention record
EVT_000503,RD_00819,15-07-2026,Utility_Excavation,Other Utility Agency,Contractor_10,Drainage maintenance,Completed,15-07-2026,22-07-2026,GCC/ROAD/2026/3515,353154,Yes,Yes,Yes,Synthetic prototype intervention record
EVT_000504,RD_00263,11-03-2026,Road_Repair,GCC Roads,Contractor_28,Pothole filling,Completed,11-03-2026,18-03-2026,GCC/ROAD/2026/5281,131541,No,No,N/A,Synthetic prototype intervention record
EVT_000505,RD_00976,07-03-2026,Road_Restoration,TANGEDCO,Contractor_15,Road resurfacing,Completed,07-03-2026,14-03-2026,GCC/ROAD/2026/8254,574377,No,No,N/A,Synthetic prototype intervention record
EVT_000506,RD_00003,02-04-2026,Road_Repair,GCC Roads,Contractor_08,Surface repair and maintenance,Completed,02-04-2026,10-04-2026,GCC/ROAD/2026/4409,395250,No,No,N/A,Synthetic prototype intervention record
EVT_000507,RD_00407,11-01-2026,Road_Restoration,Chennai Metro Water,Contractor_26,Road resurfacing,Completed,11-01-2026,18-01-2026,GCC/ROAD/2026/2089,708441,No,No,N/A,Synthetic prototype intervention record
EVT_000508,RD_00436,28-03-2026,Road_Repair,GCC Roads,Contractor_03,Emergency road repair,Completed,28-03-2026,31-03-2026,GCC/ROAD/2026/1716,157598,No,No,N/A,Synthetic prototype intervention record
EVT_000509,RD_00929,04-04-2026,Road_Cutting,Chennai Metro Water,Contractor_01,Drainage maintenance,Completed,04-04-2026,05-04-2026,GCC/ROAD/2026/5016,625233,Yes,Yes,Yes,Synthetic prototype intervention record
EVT_000510,RD_00815,01-04-2026,Utility_Excavation,Chennai Metro Water,Contractor_22,Road resurfacing,Completed,01-04-2026,10-04-2026,GCC/ROAD/2026/1187,593210,Yes,Yes,Yes,Synthetic prototype intervention record
EVT_000511,RD_00066,24-01-2026,Road_Repair,GCC Roads,Contractor_09,Road resurfacing,Completed,24-01-2026,28-01-2026,GCC/ROAD/2026/8440,670710,No,No,N/A,Synthetic prototype intervention record
EVT_000512,RD_00158,02-05-2026,Pothole_Repair,GCC Roads,Contractor_05,Utility excavation and restoration,Completed,02-05-2026,03-05-2026,GCC/ROAD/2026/3240,63154,No,No,N/A,Synthetic prototype intervention record
EVT_000513,RD_00058,28-05-2026,Resurfacing,GCC Roads,Contractor_12,Drainage maintenance,Completed,28-05-2026,09-06-2026,GCC/ROAD/2026/2947,740443,No,No,N/A,Synthetic prototype intervention record
EVT_000514,RD_00720,24-07-2026,Resurfacing,GCC Roads,Contractor_08,Emergency road repair,Completed,24-07-2026,01-08-2026,GCC/ROAD/2026/8777,182187,No,No,N/A,Synthetic prototype intervention record
EVT_000515,RD_00852,21-04-2026,Drainage_Work,Telecom Utility,Contractor_01,Pothole filling,Completed,21-04-2026,05-05-2026,GCC/ROAD/2026/1333,528641,No,No,N/A,Synthetic prototype intervention record
EVT_000516,RD_00109,18-03-2026,Road_Repair,GCC Roads,Contractor_13,Emergency road repair,Completed,18-03-2026,29-03-2026,GCC/ROAD/2026/4046,540198,No,No,N/A,Synthetic prototype intervention record
EVT_000517,RD_00932,17-07-2026,Road_Repair,GCC Roads,Contractor_10,Road resurfacing,Completed,17-07-2026,25-07-2026,GCC/ROAD/2026/8873,406150,No,No,N/A,Synthetic prototype intervention record
EVT_000518,RD_00632,30-05-2026,Emergency_Repair,GCC Roads,Contractor_20,Surface repair and maintenance,Completed,30-05-2026,09-06-2026,GCC/ROAD/2026/5901,426245,No,No,N/A,Synthetic prototype intervention record
EVT_000519,RD_00686,27-06-2026,Road_Repair,GCC Roads,Contractor_04,Emergency road repair,Completed,27-06-2026,06-07-2026,GCC/ROAD/2026/8264,745085,No,No,N/A,Synthetic prototype intervention record
EVT_000520,RD_00440,16-07-2026,Road_Repair,GCC Roads,Contractor_14,Road resurfacing,Completed,16-07-2026,24-07-2026,GCC/ROAD/2026/8303,434227,No,No,N/A,Synthetic prototype intervention record
EVT_000521,RD_00569,07-05-2026,Road_Repair,GCC Roads,Contractor_10,Pothole filling,Completed,07-05-2026,09-05-2026,GCC/ROAD/2026/8747,197090,No,No,N/A,Synthetic prototype intervention record
EVT_000522,RD_00364,08-01-2026,Utility_Excavation,Other Utility Agency,Contractor_28,Pothole filling,Completed,08-01-2026,18-01-2026,GCC/ROAD/2026/4275,744477,Yes,Yes,Yes,Synthetic prototype intervention record
EVT_000523,RD_00040,09-08-2026,Utility_Work,TANGEDCO,Contractor_30,Utility excavation and restoration,Completed,09-08-2026,11-08-2026,GCC/ROAD/2026/3547,151643,Yes,Yes,Yes,Synthetic prototype intervention record
EVT_000524,RD_00507,12-07-2026,Utility_Work,Telecom Utility,Contractor_01,Pothole filling,Completed,12-07-2026,17-07-2026,GCC/ROAD/2026/6450,640874,Yes,Yes,Yes,Synthetic prototype intervention record
EVT_000525,RD_00273,08-01-2026,Utility_Excavation,Other Utility Agency,Contractor_22,Utility excavation and restoration,Completed,08-01-2026,13-01-2026,GCC/ROAD/2026/8633,357816,Yes,Yes,Yes,Synthetic prototype intervention record
EVT_000526,RD_00667,03-01-2026,Resurfacing,GCC Roads,Contractor_30,Surface repair and maintenance,Completed,03-01-2026,10-01-2026,GCC/ROAD/2026/6111,108076,No,No,N/A,Synthetic prototype intervention record
EVT_000527,RD_00118,01-05-2026,Road_Cutting,Telecom Utility,Contractor_20,Emergency road repair,Completed,01-05-2026,05-05-2026,GCC/ROAD/2026/5247,644528,Yes,Yes,Yes,Synthetic prototype intervention record
EVT_000528,RD_00250,30-01-2026,Road_Repair,GCC Roads,Contractor_28,Emergency road repair,Completed,30-01-2026,12-02-2026,GCC/ROAD/2026/8582,644787,No,No,N/A,Synthetic prototype intervention record
EVT_000529,RD_00879,01-01-2026,Utility_Excavation,Telecom Utility,Contractor_18,Drainage maintenance,Completed,01-01-2026,14-01-2026,GCC/ROAD/2026/8497,436547,Yes,Yes,Yes,Synthetic prototype intervention record
EVT_000530,RD_00062,13-01-2026,Resurfacing,GCC Roads,Contractor_24,Utility excavation and restoration,Completed,13-01-2026,23-01-2026,GCC/ROAD/2026/3951,734693,No,No,N/A,Synthetic prototype intervention record
EVT_000531,RD_00826,31-01-2026,Drainage_Work,Chennai Metro Water,Contractor_04,Drainage maintenance,Completed,31-01-2026,14-02-2026,GCC/ROAD/2026/2230,662797,No,No,N/A,Synthetic prototype intervention record
EVT_000532,RD_00648,13-04-2026,Utility_Excavation,Telecom Utility,Contractor_25,Emergency road repair,Completed,13-04-2026,27-04-2026,GCC/ROAD/2026/7414,678638,Yes,Yes,Yes,Synthetic prototype intervention record
EVT_000533,RD_00196,23-05-2026,Road_Repair,GCC Roads,Contractor_09,Road resurfacing,Completed,23-05-2026,01-06-2026,GCC/ROAD/2026/6462,208291,No,No,N/A,Synthetic prototype intervention record
EVT_000534,RD_00755,26-01-2026,Drainage_Work,Telecom Utility,Contractor_14,Emergency road repair,Completed,26-01-2026,05-02-2026,GCC/ROAD/2026/5628,61461,No,No,N/A,Synthetic prototype intervention record
EVT_000535,RD_00968,09-06-2026,Utility_Work,Chennai Metro Water,Contractor_03,Surface repair and maintenance,Completed,09-06-2026,17-06-2026,GCC/ROAD/2026/7875,597333,Yes,Yes,Yes,Synthetic prototype intervention record
EVT_000536,RD_00630,18-05-2026,Pothole_Repair,GCC Roads,Contractor_21,Utility excavation and restoration,Completed,18-05-2026,28-05-2026,GCC/ROAD/2026/7350,448716,No,No,N/A,Synthetic prototype intervention record
EVT_000537,RD_00167,02-01-2026,Resurfacing,GCC Roads,Contractor_29,Road resurfacing,Completed,02-01-2026,15-01-2026,GCC/ROAD/2026/2704,745976,No,No,N/A,Synthetic prototype intervention record
EVT_000538,RD_00950,11-01-2026,Resurfacing,GCC Roads,Contractor_21,Emergency road repair,Completed,11-01-2026,18-01-2026,GCC/ROAD/2026/7068,270984,No,No,N/A,Synthetic prototype intervention record
EVT_000539,RD_00073,09-08-2026,Drainage_Work,Other Utility Agency,Contractor_10,Road resurfacing,Completed,09-08-2026,15-08-2026,GCC/ROAD/2026/3895,316063,No,No,N/A,Synthetic prototype intervention record
EVT_000540,RD_00774,17-01-2026,Road_Cutting,Telecom Utility,Contractor_04,Drainage maintenance,Completed,17-01-2026,20-01-2026,GCC/ROAD/2026/1021,535661,Yes,Yes,Yes,Synthetic prototype intervention record
EVT_000541,RD_00367,04-07-2026,Road_Repair,GCC Roads,Contractor_30,Surface repair and maintenance,Completed,04-07-2026,18-07-2026,GCC/ROAD/2026/8928,228197,No,No,N/A,Synthetic prototype intervention record
EVT_000542,RD_00763,28-06-2026,Utility_Excavation,Telecom Utility,Contractor_19,Emergency road repair,Completed,28-06-2026,09-07-2026,GCC/ROAD/2026/3522,327983,Yes,Yes,Yes,Synthetic prototype intervention record
EVT_000543,RD_00680,19-04-2026,Road_Restoration,Telecom Utility,Contractor_27,Surface repair and maintenance,Completed,19-04-2026,03-05-2026,GCC/ROAD/2026/9878,205644,No,No,N/A,Synthetic prototype intervention record
EVT_000544,RD_00180,09-01-2026,Road_Repair,GCC Roads,Contractor_11,Emergency road repair,Completed,09-01-2026,22-01-2026,GCC/ROAD/2026/2025,142022,No,No,N/A,Synthetic prototype intervention record
EVT_000545,RD_00212,12-06-2026,Road_Restoration,Telecom Utility,Contractor_10,Emergency road repair,Completed,12-06-2026,15-06-2026,GCC/ROAD/2026/5200,638808,No,No,N/A,Synthetic prototype intervention record
EVT_000546,RD_00145,16-01-2026,Resurfacing,GCC Roads,Contractor_29,Utility excavation and restoration,Completed,16-01-2026,20-01-2026,GCC/ROAD/2026/3298,534724,No,No,N/A,Synthetic prototype intervention record
EVT_000547,RD_00329,28-08-2026,Road_Restoration,Chennai Metro Water,Contractor_03,Emergency road repair,Completed,28-08-2026,31-08-2026,GCC/ROAD/2026/8839,42611,No,No,N/A,Synthetic prototype intervention record
EVT_000548,RD_00460,19-01-2026,Road_Cutting,Chennai Metro Water,Contractor_04,Surface repair and maintenance,Completed,19-01-2026,30-01-2026,GCC/ROAD/2026/7516,674353,Yes,Yes,No,Synthetic prototype intervention record
EVT_000549,RD_00020,08-08-2026,Emergency_Repair,GCC Roads,Contractor_27,Utility excavation and restoration,Completed,08-08-2026,20-08-2026,GCC/ROAD/2026/1573,360339,No,No,N/A,Synthetic prototype intervention record
EVT_000550,RD_00556,18-08-2026,Drainage_Work,Chennai Metro Water,Contractor_05,Pothole filling,Completed,18-08-2026,24-08-2026,GCC/ROAD/2026/4348,268666,No,No,N/A,Synthetic prototype intervention record
EVT_000551,RD_00887,13-01-2026,Resurfacing,GCC Roads,Contractor_19,Road resurfacing,Completed,13-01-2026,18-01-2026,GCC/ROAD/2026/2091,315268,No,No,N/A,Synthetic prototype intervention record
EVT_000552,RD_00167,26-08-2026,Utility_Excavation,Other Utility Agency,Contractor_16,Utility excavation and restoration,Completed,26-08-2026,04-09-2026,GCC/ROAD/2026/2872,39733,Yes,Yes,Yes,Synthetic prototype intervention record
EVT_000553,RD_00469,21-07-2026,Road_Repair,GCC Roads,Contractor_22,Road resurfacing,Completed,21-07-2026,30-07-2026,GCC/ROAD/2026/5688,615872,No,No,N/A,Synthetic prototype intervention record
EVT_000554,RD_00141,20-06-2026,Road_Repair,GCC Roads,Contractor_13,Road resurfacing,Completed,20-06-2026,24-06-2026,GCC/ROAD/2026/7769,476079,No,No,N/A,Synthetic prototype intervention record
EVT_000555,RD_00820,24-01-2026,Resurfacing,GCC Roads,Contractor_07,Surface repair and maintenance,Completed,24-01-2026,06-02-2026,GCC/ROAD/2026/8694,610611,No,No,N/A,Synthetic prototype intervention record
EVT_000556,RD_00928,09-02-2026,Road_Cutting,Chennai Metro Water,Contractor_10,Surface repair and maintenance,Completed,09-02-2026,14-02-2026,GCC/ROAD/2026/3808,362634,Yes,Yes,Yes,Synthetic prototype intervention record
EVT_000557,RD_00775,06-08-2026,Road_Restoration,Chennai Metro Water,Contractor_26,Surface repair and maintenance,Completed,06-08-2026,16-08-2026,GCC/ROAD/2026/8713,614374,No,No,N/A,Synthetic prototype intervention record
EVT_000558,RD_00878,23-05-2026,Resurfacing,GCC Roads,Contractor_19,Emergency road repair,Completed,23-05-2026,30-05-2026,GCC/ROAD/2026/5635,123276,No,No,N/A,Synthetic prototype intervention record
EVT_000559,RD_00765,13-06-2026,Resurfacing,GCC Roads,Contractor_21,Drainage maintenance,Completed,13-06-2026,22-06-2026,GCC/ROAD/2026/9238,611743,No,No,N/A,Synthetic prototype intervention record
EVT_000560,RD_00393,08-06-2026,Drainage_Work,Other Utility Agency,Contractor_24,Road resurfacing,Completed,08-06-2026,10-06-2026,GCC/ROAD/2026/5731,443303,No,No,N/A,Synthetic prototype intervention record
EVT_000561,RD_00350,24-01-2026,Resurfacing,GCC Roads,Contractor_10,Road resurfacing,Completed,24-01-2026,31-01-2026,GCC/ROAD/2026/3859,735247,No,No,N/A,Synthetic prototype intervention record
EVT_000562,RD_00670,12-04-2026,Utility_Excavation,Telecom Utility,Contractor_11,Pothole filling,Completed,12-04-2026,16-04-2026,GCC/ROAD/2026/6659,715301,Yes,Yes,Yes,Synthetic prototype intervention record
EVT_000563,RD_00901,04-07-2026,Utility_Excavation,Chennai Metro Water,Contractor_10,Surface repair and maintenance,Completed,04-07-2026,12-07-2026,GCC/ROAD/2026/9569,45028,Yes,Yes,Yes,Synthetic prototype intervention record
EVT_000564,RD_00320,28-05-2026,Utility_Excavation,Telecom Utility,Contractor_19,Surface repair and maintenance,Completed,28-05-2026,01-06-2026,GCC/ROAD/2026/3919,554542,Yes,Yes,Yes,Synthetic prototype intervention record
EVT_000565,RD_00077,14-05-2026,Resurfacing,GCC Roads,Contractor_27,Surface repair and maintenance,Completed,14-05-2026,23-05-2026,GCC/ROAD/2026/7782,653642,No,No,N/A,Synthetic prototype intervention record
EVT_000566,RD_00941,14-07-2026,Utility_Excavation,TANGEDCO,Contractor_16,Road resurfacing,Completed,14-07-2026,25-07-2026,GCC/ROAD/2026/8949,541643,Yes,Yes,Yes,Synthetic prototype intervention record
EVT_000567,RD_00318,19-02-2026,Utility_Excavation,Telecom Utility,Contractor_16,Drainage maintenance,Completed,19-02-2026,21-02-2026,GCC/ROAD/2026/8008,486318,Yes,Yes,Yes,Synthetic prototype intervention record
EVT_000568,RD_00727,02-05-2026,Road_Repair,GCC Roads,Contractor_12,Pothole filling,Completed,02-05-2026,11-05-2026,GCC/ROAD/2026/6957,150103,No,No,N/A,Synthetic prototype intervention record
EVT_000569,RD_00818,13-01-2026,Road_Restoration,Telecom Utility,Contractor_23,Emergency road repair,Completed,13-01-2026,18-01-2026,GCC/ROAD/2026/3708,533417,No,No,N/A,Synthetic prototype intervention record
EVT_000570,RD_00883,21-01-2026,Road_Repair,GCC Roads,Contractor_24,Utility excavation and restoration,Completed,21-01-2026,31-01-2026,GCC/ROAD/2026/5526,454698,No,No,N/A,Synthetic prototype intervention record
EVT_000571,RD_00043,14-05-2026,Utility_Excavation,TANGEDCO,Contractor_21,Road resurfacing,Completed,14-05-2026,18-05-2026,GCC/ROAD/2026/2675,490857,Yes,Yes,Yes,Synthetic prototype intervention record
EVT_000572,RD_00406,05-03-2026,Drainage_Work,Chennai Metro Water,Contractor_07,Road resurfacing,Completed,05-03-2026,09-03-2026,GCC/ROAD/2026/7909,144252,No,No,N/A,Synthetic prototype intervention record
EVT_000573,RD_00002,22-06-2026,Road_Repair,GCC Roads,Contractor_23,Drainage maintenance,Completed,22-06-2026,06-07-2026,GCC/ROAD/2026/5970,463473,No,No,N/A,Synthetic prototype intervention record
EVT_000574,RD_00781,20-07-2026,Emergency_Repair,GCC Roads,Contractor_19,Emergency road repair,Completed,20-07-2026,24-07-2026,GCC/ROAD/2026/3437,438831,No,No,N/A,Synthetic prototype intervention record
EVT_000575,RD_00297,11-06-2026,Pothole_Repair,GCC Roads,Contractor_17,Drainage maintenance,Completed,11-06-2026,17-06-2026,GCC/ROAD/2026/6687,684062,No,No,N/A,Synthetic prototype intervention record
EVT_000576,RD_00065,23-05-2026,Resurfacing,GCC Roads,Contractor_17,Surface repair and maintenance,Completed,23-05-2026,26-05-2026,GCC/ROAD/2026/7400,198843,No,No,N/A,Synthetic prototype intervention record
EVT_000577,RD_00941,18-04-2026,Road_Restoration,TANGEDCO,Contractor_19,Emergency road repair,Completed,18-04-2026,29-04-2026,GCC/ROAD/2026/8851,584730,No,No,N/A,Synthetic prototype intervention record
EVT_000578,RD_00854,31-03-2026,Utility_Excavation,TANGEDCO,Contractor_20,Road resurfacing,Completed,31-03-2026,07-04-2026,GCC/ROAD/2026/2911,732544,Yes,Yes,Yes,Synthetic prototype intervention record
EVT_000579,RD_00235,14-04-2026,Construction,TANGEDCO,Contractor_16,Pothole filling,Completed,14-04-2026,15-04-2026,GCC/ROAD/2026/4111,185588,No,No,N/A,Synthetic prototype intervention record
EVT_000580,RD_00498,14-04-2026,Drainage_Work,Telecom Utility,Contractor_12,Surface repair and maintenance,Completed,14-04-2026,21-04-2026,GCC/ROAD/2026/4110,667658,No,No,N/A,Synthetic prototype intervention record
EVT_000581,RD_00455,12-03-2026,Resurfacing,GCC Roads,Contractor_05,Pothole filling,Completed,12-03-2026,15-03-2026,GCC/ROAD/2026/7424,183191,No,No,N/A,Synthetic prototype intervention record
EVT_000582,RD_00342,09-07-2026,Road_Repair,GCC Roads,Contractor_24,Surface repair and maintenance,Completed,09-07-2026,14-07-2026,GCC/ROAD/2026/7686,427654,No,No,N/A,Synthetic prototype intervention record
EVT_000583,RD_00902,27-08-2026,Resurfacing,GCC Roads,Contractor_14,Drainage maintenance,Completed,27-08-2026,03-09-2026,GCC/ROAD/2026/2254,669609,No,No,N/A,Synthetic prototype intervention record
EVT_000584,RD_00303,02-01-2026,Pothole_Repair,GCC Roads,Contractor_01,Pothole filling,Completed,02-01-2026,10-01-2026,GCC/ROAD/2026/2121,180488,No,No,N/A,Synthetic prototype intervention record
EVT_000585,RD_00649,17-07-2026,Utility_Work,Telecom Utility,Contractor_01,Drainage maintenance,Completed,17-07-2026,28-07-2026,GCC/ROAD/2026/7315,86795,Yes,Yes,No,Synthetic prototype intervention record
EVT_000586,RD_00255,09-08-2026,Road_Cutting,Other Utility Agency,Contractor_24,Road resurfacing,Completed,09-08-2026,18-08-2026,GCC/ROAD/2026/1406,634366,Yes,Yes,Yes,Synthetic prototype intervention record
EVT_000587,RD_00948,17-02-2026,Drainage_Work,Other Utility Agency,Contractor_21,Drainage maintenance,Completed,17-02-2026,20-02-2026,GCC/ROAD/2026/7835,156365,No,No,N/A,Synthetic prototype intervention record
EVT_000588,RD_00532,10-03-2026,Utility_Work,Chennai Metro Water,Contractor_01,Road resurfacing,Completed,10-03-2026,12-03-2026,GCC/ROAD/2026/4482,263008,Yes,Yes,No,Synthetic prototype intervention record
EVT_000589,RD_00301,29-06-2026,Utility_Excavation,TANGEDCO,Contractor_13,Road resurfacing,Completed,29-06-2026,12-07-2026,GCC/ROAD/2026/5047,43423,Yes,Yes,Yes,Synthetic prototype intervention record
EVT_000590,RD_00523,29-05-2026,Utility_Excavation,Other Utility Agency,Contractor_30,Road resurfacing,Completed,29-05-2026,12-06-2026,GCC/ROAD/2026/9798,28649,Yes,Yes,Yes,Synthetic prototype intervention record
EVT_000591,RD_00151,13-03-2026,Emergency_Repair,GCC Roads,Contractor_02,Emergency road repair,Completed,13-03-2026,25-03-2026,GCC/ROAD/2026/8513,653664,No,No,N/A,Synthetic prototype intervention record
EVT_000592,RD_00512,16-08-2026,Road_Repair,GCC Roads,Contractor_12,Surface repair and maintenance,Completed,16-08-2026,24-08-2026,GCC/ROAD/2026/7585,508954,No,No,N/A,Synthetic prototype intervention record
EVT_000593,RD_00203,11-02-2026,Road_Repair,GCC Roads,Contractor_26,Road resurfacing,Completed,11-02-2026,15-02-2026,GCC/ROAD/2026/5345,535327,No,No,N/A,Synthetic prototype intervention record
EVT_000594,RD_00478,27-08-2026,Road_Repair,GCC Roads,Contractor_01,Pothole filling,Completed,27-08-2026,05-09-2026,GCC/ROAD/2026/4361,264549,No,No,N/A,Synthetic prototype intervention record
EVT_000595,RD_00016,27-06-2026,Resurfacing,GCC Roads,Contractor_04,Pothole filling,Completed,27-06-2026,30-06-2026,GCC/ROAD/2026/4179,103593,No,No,N/A,Synthetic prototype intervention record
EVT_000596,RD_00937,17-02-2026,Road_Cutting,Telecom Utility,Contractor_16,Surface repair and maintenance,Completed,17-02-2026,02-03-2026,GCC/ROAD/2026/6199,360517,Yes,Yes,Yes,Synthetic prototype intervention record
EVT_000597,RD_00913,28-05-2026,Construction,Telecom Utility,Contractor_13,Emergency road repair,Completed,28-05-2026,10-06-2026,GCC/ROAD/2026/1180,602311,No,No,N/A,Synthetic prototype intervention record
EVT_000598,RD_00334,19-03-2026,Road_Repair,GCC Roads,Contractor_17,Pothole filling,Completed,19-03-2026,25-03-2026,GCC/ROAD/2026/6478,104989,No,No,N/A,Synthetic prototype intervention record
EVT_000599,RD_00782,20-07-2026,Road_Cutting,TANGEDCO,Contractor_25,Drainage maintenance,Completed,20-07-2026,22-07-2026,GCC/ROAD/2026/2070,640725,Yes,Yes,Yes,Synthetic prototype intervention record
EVT_000600,RD_00760,01-03-2026,Construction,Other Utility Agency,Contractor_09,Emergency road repair,Completed,01-03-2026,06-03-2026,GCC/ROAD/2026/5203,664937,No,No,N/A,Synthetic prototype intervention record
EVT_000601,RD_00152,21-07-2026,Road_Cutting,TANGEDCO,Contractor_05,Emergency road repair,Completed,21-07-2026,04-08-2026,GCC/ROAD/2026/9472,746663,Yes,Yes,Yes,Synthetic prototype intervention record
EVT_000602,RD_00654,05-05-2026,Road_Repair,GCC Roads,Contractor_13,Utility excavation and restoration,Completed,05-05-2026,14-05-2026,GCC/ROAD/2026/9331,28797,No,No,N/A,Synthetic prototype intervention record
EVT_000603,RD_00773,05-06-2026,Construction,Chennai Metro Water,Contractor_05,Pothole filling,Completed,05-06-2026,10-06-2026,GCC/ROAD/2026/1430,115928,No,No,N/A,Synthetic prototype intervention record
EVT_000604,RD_00103,19-01-2026,Resurfacing,GCC Roads,Contractor_01,Surface repair and maintenance,Completed,19-01-2026,01-02-2026,GCC/ROAD/2026/1574,206802,No,No,N/A,Synthetic prototype intervention record
EVT_000605,RD_00814,17-04-2026,Utility_Work,Chennai Metro Water,Contractor_05,Utility excavation and restoration,Completed,17-04-2026,22-04-2026,GCC/ROAD/2026/8842,230907,Yes,Yes,Yes,Synthetic prototype intervention record
EVT_000606,RD_00463,24-06-2026,Road_Repair,GCC Roads,Contractor_28,Utility excavation and restoration,Completed,24-06-2026,01-07-2026,GCC/ROAD/2026/1539,585482,No,No,N/A,Synthetic prototype intervention record
EVT_000607,RD_00903,04-08-2026,Pothole_Repair,GCC Roads,Contractor_26,Emergency road repair,Completed,04-08-2026,18-08-2026,GCC/ROAD/2026/8304,690427,No,No,N/A,Synthetic prototype intervention record
EVT_000608,RD_00168,30-01-2026,Utility_Work,Chennai Metro Water,Contractor_17,Emergency road repair,Completed,30-01-2026,12-02-2026,GCC/ROAD/2026/3712,453670,Yes,Yes,Yes,Synthetic prototype intervention record
EVT_000609,RD_00224,16-02-2026,Road_Restoration,TANGEDCO,Contractor_16,Drainage maintenance,Completed,16-02-2026,17-02-2026,GCC/ROAD/2026/9599,448844,No,No,N/A,Synthetic prototype intervention record
EVT_000610,RD_00926,08-02-2026,Drainage_Work,Chennai Metro Water,Contractor_13,Surface repair and maintenance,Completed,08-02-2026,16-02-2026,GCC/ROAD/2026/1950,629657,No,No,N/A,Synthetic prototype intervention record
EVT_000611,RD_00187,24-04-2026,Utility_Work,Telecom Utility,Contractor_13,Pothole filling,Completed,24-04-2026,25-04-2026,GCC/ROAD/2026/8308,523587,Yes,Yes,Yes,Synthetic prototype intervention record
EVT_000612,RD_00847,06-05-2026,Road_Repair,GCC Roads,Contractor_26,Pothole filling,Completed,06-05-2026,16-05-2026,GCC/ROAD/2026/2949,538697,No,No,N/A,Synthetic prototype intervention record
EVT_000613,RD_00262,05-02-2026,Road_Repair,GCC Roads,Contractor_22,Emergency road repair,Completed,05-02-2026,14-02-2026,GCC/ROAD/2026/9118,74587,No,No,N/A,Synthetic prototype intervention record
EVT_000614,RD_00145,13-02-2026,Drainage_Work,Chennai Metro Water,Contractor_29,Utility excavation and restoration,Completed,13-02-2026,25-02-2026,GCC/ROAD/2026/8680,69749,No,No,N/A,Synthetic prototype intervention record
EVT_000615,RD_00042,16-08-2026,Utility_Excavation,Chennai Metro Water,Contractor_04,Emergency road repair,Completed,16-08-2026,18-08-2026,GCC/ROAD/2026/4443,251432,Yes,Yes,Yes,Synthetic prototype intervention record
EVT_000616,RD_00137,24-02-2026,Road_Cutting,Chennai Metro Water,Contractor_04,Emergency road repair,Completed,24-02-2026,07-03-2026,GCC/ROAD/2026/6220,428120,Yes,Yes,Yes,Synthetic prototype intervention record
EVT_000617,RD_00741,08-02-2026,Utility_Excavation,Chennai Metro Water,Contractor_12,Pothole filling,Completed,08-02-2026,17-02-2026,GCC/ROAD/2026/8742,173067,Yes,Yes,Yes,Synthetic prototype intervention record
EVT_000618,RD_00825,24-06-2026,Emergency_Repair,GCC Roads,Contractor_04,Pothole filling,Completed,24-06-2026,04-07-2026,GCC/ROAD/2026/7047,301637,No,No,N/A,Synthetic prototype intervention record
EVT_000619,RD_00255,23-03-2026,Utility_Excavation,TANGEDCO,Contractor_23,Utility excavation and restoration,Completed,23-03-2026,24-03-2026,GCC/ROAD/2026/4680,214282,Yes,Yes,Yes,Synthetic prototype intervention record
EVT_000620,RD_00534,14-05-2026,Road_Repair,GCC Roads,Contractor_11,Drainage maintenance,Completed,14-05-2026,24-05-2026,GCC/ROAD/2026/6352,163951,No,No,N/A,Synthetic prototype intervention record
EVT_000621,RD_00675,20-06-2026,Pothole_Repair,GCC Roads,Contractor_01,Emergency road repair,Completed,20-06-2026,25-06-2026,GCC/ROAD/2026/8536,471705,No,No,N/A,Synthetic prototype intervention record
EVT_000622,RD_00595,26-07-2026,Pothole_Repair,GCC Roads,Contractor_10,Drainage maintenance,Completed,26-07-2026,27-07-2026,GCC/ROAD/2026/7689,404907,No,No,N/A,Synthetic prototype intervention record
EVT_000623,RD_00748,22-07-2026,Pothole_Repair,GCC Roads,Contractor_04,Drainage maintenance,Completed,22-07-2026,05-08-2026,GCC/ROAD/2026/4200,563024,No,No,N/A,Synthetic prototype intervention record
EVT_000624,RD_00594,01-03-2026,Resurfacing,GCC Roads,Contractor_01,Surface repair and maintenance,Completed,01-03-2026,05-03-2026,GCC/ROAD/2026/2804,148738,No,No,N/A,Synthetic prototype intervention record
EVT_000625,RD_00991,19-07-2026,Road_Repair,GCC Roads,Contractor_28,Road resurfacing,Completed,19-07-2026,30-07-2026,GCC/ROAD/2026/4850,131506,No,No,N/A,Synthetic prototype intervention record
EVT_000626,RD_00568,30-04-2026,Resurfacing,GCC Roads,Contractor_29,Road resurfacing,Completed,30-04-2026,03-05-2026,GCC/ROAD/2026/5837,170840,No,No,N/A,Synthetic prototype intervention record
EVT_000627,RD_00654,18-08-2026,Emergency_Repair,GCC Roads,Contractor_19,Road resurfacing,Completed,18-08-2026,29-08-2026,GCC/ROAD/2026/2875,371747,No,No,N/A,Synthetic prototype intervention record
EVT_000628,RD_00975,29-08-2026,Resurfacing,GCC Roads,Contractor_30,Road resurfacing,Completed,29-08-2026,11-09-2026,GCC/ROAD/2026/9091,207386,No,No,N/A,Synthetic prototype intervention record
EVT_000629,RD_00267,24-05-2026,Road_Cutting,Chennai Metro Water,Contractor_13,Pothole filling,Completed,24-05-2026,29-05-2026,GCC/ROAD/2026/1741,368509,Yes,Yes,Yes,Synthetic prototype intervention record
EVT_000630,RD_00997,03-03-2026,Utility_Excavation,Telecom Utility,Contractor_14,Emergency road repair,Completed,03-03-2026,08-03-2026,GCC/ROAD/2026/5477,522529,Yes,Yes,Yes,Synthetic prototype intervention record
EVT_000631,RD_00287,30-07-2026,Road_Restoration,Telecom Utility,Contractor_07,Pothole filling,Completed,30-07-2026,12-08-2026,GCC/ROAD/2026/3310,527042,No,No,N/A,Synthetic prototype intervention record
EVT_000632,RD_00326,18-07-2026,Utility_Excavation,Other Utility Agency,Contractor_13,Surface repair and maintenance,Completed,18-07-2026,20-07-2026,GCC/ROAD/2026/2154,549540,Yes,Yes,Yes,Synthetic prototype intervention record
EVT_000633,RD_00741,02-09-2026,Resurfacing,GCC Roads,Contractor_13,Emergency road repair,Completed,02-09-2026,13-09-2026,GCC/ROAD/2026/6917,439013,No,No,N/A,Synthetic prototype intervention record
EVT_000634,RD_00506,24-07-2026,Road_Restoration,Other Utility Agency,Contractor_10,Emergency road repair,Completed,24-07-2026,04-08-2026,GCC/ROAD/2026/8285,333282,No,No,N/A,Synthetic prototype intervention record
EVT_000635,RD_00452,25-07-2026,Road_Cutting,Chennai Metro Water,Contractor_08,Road resurfacing,Completed,25-07-2026,06-08-2026,GCC/ROAD/2026/2753,57753,Yes,Yes,Yes,Synthetic prototype intervention record
EVT_000636,RD_00321,25-03-2026,Road_Repair,GCC Roads,Contractor_12,Pothole filling,Completed,25-03-2026,01-04-2026,GCC/ROAD/2026/6490,152762,No,No,N/A,Synthetic prototype intervention record
EVT_000637,RD_00321,01-08-2026,Resurfacing,GCC Roads,Contractor_25,Surface repair and maintenance,Completed,01-08-2026,08-08-2026,GCC/ROAD/2026/6015,656941,No,No,N/A,Synthetic prototype intervention record
EVT_000638,RD_00435,21-05-2026,Road_Repair,GCC Roads,Contractor_24,Road resurfacing,Completed,21-05-2026,01-06-2026,GCC/ROAD/2026/7326,292892,No,No,N/A,Synthetic prototype intervention record
EVT_000639,RD_00418,03-03-2026,Utility_Excavation,TANGEDCO,Contractor_07,Road resurfacing,Completed,03-03-2026,16-03-2026,GCC/ROAD/2026/1579,578174,Yes,Yes,Yes,Synthetic prototype intervention record
EVT_000640,RD_00501,31-07-2026,Road_Repair,GCC Roads,Contractor_23,Road resurfacing,Completed,31-07-2026,02-08-2026,GCC/ROAD/2026/6940,254782,No,No,N/A,Synthetic prototype intervention record
EVT_000641,RD_00713,17-01-2026,Utility_Excavation,Telecom Utility,Contractor_21,Utility excavation and restoration,Completed,17-01-2026,28-01-2026,GCC/ROAD/2026/7179,85194,Yes,Yes,Yes,Synthetic prototype intervention record
EVT_000642,RD_00019,04-02-2026,Road_Cutting,Other Utility Agency,Contractor_11,Drainage maintenance,Completed,04-02-2026,10-02-2026,GCC/ROAD/2026/2565,437114,Yes,Yes,Yes,Synthetic prototype intervention record
EVT_000643,RD_00892,14-02-2026,Road_Restoration,Chennai Metro Water,Contractor_03,Utility excavation and restoration,Completed,14-02-2026,19-02-2026,GCC/ROAD/2026/1788,623076,No,No,N/A,Synthetic prototype intervention record
EVT_000644,RD_00205,09-07-2026,Resurfacing,GCC Roads,Contractor_21,Pothole filling,Completed,09-07-2026,10-07-2026,GCC/ROAD/2026/6472,280819,No,No,N/A,Synthetic prototype intervention record
EVT_000645,RD_00047,22-05-2026,Pothole_Repair,GCC Roads,Contractor_26,Road resurfacing,Completed,22-05-2026,28-05-2026,GCC/ROAD/2026/7661,501505,No,No,N/A,Synthetic prototype intervention record
EVT_000646,RD_00675,10-02-2026,Drainage_Work,TANGEDCO,Contractor_02,Road resurfacing,Completed,10-02-2026,12-02-2026,GCC/ROAD/2026/7798,389603,No,No,N/A,Synthetic prototype intervention record
EVT_000647,RD_00384,10-03-2026,Drainage_Work,Telecom Utility,Contractor_17,Pothole filling,Completed,10-03-2026,21-03-2026,GCC/ROAD/2026/3895,262253,No,No,N/A,Synthetic prototype intervention record
EVT_000648,RD_00745,07-06-2026,Resurfacing,GCC Roads,Contractor_18,Emergency road repair,Completed,07-06-2026,11-06-2026,GCC/ROAD/2026/1361,249251,No,No,N/A,Synthetic prototype intervention record
EVT_000649,RD_00733,08-07-2026,Resurfacing,GCC Roads,Contractor_06,Road resurfacing,Completed,08-07-2026,22-07-2026,GCC/ROAD/2026/9801,88572,No,No,N/A,Synthetic prototype intervention record
EVT_000650,RD_00705,30-01-2026,Pothole_Repair,GCC Roads,Contractor_05,Drainage maintenance,Completed,30-01-2026,10-02-2026,GCC/ROAD/2026/8489,550362,No,No,N/A,Synthetic prototype intervention record
EVT_000651,RD_00996,13-01-2026,Utility_Work,Telecom Utility,Contractor_10,Emergency road repair,Completed,13-01-2026,15-01-2026,GCC/ROAD/2026/9542,251543,Yes,Yes,Yes,Synthetic prototype intervention record
EVT_000652,RD_00099,02-01-2026,Drainage_Work,Telecom Utility,Contractor_10,Pothole filling,Completed,02-01-2026,06-01-2026,GCC/ROAD/2026/8545,490468,No,No,N/A,Synthetic prototype intervention record
EVT_000653,RD_00154,01-03-2026,Utility_Excavation,Chennai Metro Water,Contractor_23,Surface repair and maintenance,Completed,01-03-2026,04-03-2026,GCC/ROAD/2026/8175,697923,Yes,Yes,No,Synthetic prototype intervention record
EVT_000654,RD_00582,29-06-2026,Road_Cutting,Telecom Utility,Contractor_04,Drainage maintenance,Completed,29-06-2026,03-07-2026,GCC/ROAD/2026/2700,114723,Yes,Yes,No,Synthetic prototype intervention record
EVT_000655,RD_00675,16-01-2026,Road_Restoration,Other Utility Agency,Contractor_25,Road resurfacing,Completed,16-01-2026,24-01-2026,GCC/ROAD/2026/3816,368582,No,No,N/A,Synthetic prototype intervention record
EVT_000656,RD_00499,27-07-2026,Utility_Excavation,TANGEDCO,Contractor_18,Drainage maintenance,Completed,27-07-2026,01-08-2026,GCC/ROAD/2026/9006,427684,Yes,Yes,Yes,Synthetic prototype intervention record
EVT_000657,RD_00421,14-07-2026,Resurfacing,GCC Roads,Contractor_04,Drainage maintenance,Completed,14-07-2026,15-07-2026,GCC/ROAD/2026/4565,673276,No,No,N/A,Synthetic prototype intervention record
EVT_000658,RD_00565,21-03-2026,Road_Repair,GCC Roads,Contractor_29,Surface repair and maintenance,Completed,21-03-2026,31-03-2026,GCC/ROAD/2026/9556,649183,No,No,N/A,Synthetic prototype intervention record
EVT_000659,RD_00943,24-05-2026,Road_Cutting,Other Utility Agency,Contractor_08,Surface repair and maintenance,Completed,24-05-2026,29-05-2026,GCC/ROAD/2026/9645,425726,Yes,Yes,Yes,Synthetic prototype intervention record
EVT_000660,RD_00689,29-08-2026,Road_Restoration,Chennai Metro Water,Contractor_04,Drainage maintenance,Completed,29-08-2026,05-09-2026,GCC/ROAD/2026/6622,395170,No,No,N/A,Synthetic prototype intervention record
EVT_000661,RD_00181,11-02-2026,Construction,Telecom Utility,Contractor_14,Surface repair and maintenance,Completed,11-02-2026,16-02-2026,GCC/ROAD/2026/3684,96230,No,No,N/A,Synthetic prototype intervention record
EVT_000662,RD_00625,15-08-2026,Road_Cutting,Telecom Utility,Contractor_06,Emergency road repair,Completed,15-08-2026,18-08-2026,GCC/ROAD/2026/7979,286385,Yes,Yes,Yes,Synthetic prototype intervention record
EVT_000663,RD_00430,08-06-2026,Utility_Work,Telecom Utility,Contractor_15,Road resurfacing,Completed,08-06-2026,15-06-2026,GCC/ROAD/2026/2512,130346,Yes,Yes,Yes,Synthetic prototype intervention record
EVT_000664,RD_00995,03-08-2026,Utility_Excavation,Telecom Utility,Contractor_03,Road resurfacing,Completed,03-08-2026,09-08-2026,GCC/ROAD/2026/2625,599232,Yes,Yes,Yes,Synthetic prototype intervention record
EVT_000665,RD_00483,02-03-2026,Resurfacing,GCC Roads,Contractor_03,Utility excavation and restoration,Completed,02-03-2026,06-03-2026,GCC/ROAD/2026/9042,460354,No,No,N/A,Synthetic prototype intervention record
EVT_000666,RD_00384,26-05-2026,Road_Restoration,Chennai Metro Water,Contractor_13,Drainage maintenance,Completed,26-05-2026,03-06-2026,GCC/ROAD/2026/3301,329895,No,No,N/A,Synthetic prototype intervention record
EVT_000667,RD_00872,03-04-2026,Road_Restoration,TANGEDCO,Contractor_04,Surface repair and maintenance,Completed,03-04-2026,17-04-2026,GCC/ROAD/2026/6362,500949,No,No,N/A,Synthetic prototype intervention record
EVT_000668,RD_00589,04-03-2026,Resurfacing,GCC Roads,Contractor_20,Road resurfacing,Completed,04-03-2026,09-03-2026,GCC/ROAD/2026/1904,67623,No,No,N/A,Synthetic prototype intervention record
EVT_000669,RD_00980,08-02-2026,Resurfacing,GCC Roads,Contractor_25,Drainage maintenance,Completed,08-02-2026,22-02-2026,GCC/ROAD/2026/9490,91218,No,No,N/A,Synthetic prototype intervention record
EVT_000670,RD_00895,07-01-2026,Road_Repair,GCC Roads,Contractor_03,Drainage maintenance,Completed,07-01-2026,21-01-2026,GCC/ROAD/2026/1000,425138,No,No,N/A,Synthetic prototype intervention record
EVT_000671,RD_00101,18-08-2026,Resurfacing,GCC Roads,Contractor_07,Drainage maintenance,Completed,18-08-2026,19-08-2026,GCC/ROAD/2026/6178,581266,No,No,N/A,Synthetic prototype intervention record
EVT_000672,RD_00526,19-02-2026,Resurfacing,GCC Roads,Contractor_17,Emergency road repair,Completed,19-02-2026,23-02-2026,GCC/ROAD/2026/7364,631767,No,No,N/A,Synthetic prototype intervention record
EVT_000673,RD_00145,14-04-2026,Road_Repair,GCC Roads,Contractor_26,Utility excavation and restoration,Completed,14-04-2026,23-04-2026,GCC/ROAD/2026/9702,152044,No,No,N/A,Synthetic prototype intervention record
EVT_000674,RD_00797,16-03-2026,Utility_Work,Telecom Utility,Contractor_15,Emergency road repair,Completed,16-03-2026,24-03-2026,GCC/ROAD/2026/7214,451943,Yes,Yes,Yes,Synthetic prototype intervention record
EVT_000675,RD_00477,11-06-2026,Road_Repair,GCC Roads,Contractor_24,Pothole filling,Completed,11-06-2026,17-06-2026,GCC/ROAD/2026/3495,631128,No,No,N/A,Synthetic prototype intervention record
EVT_000676,RD_00719,05-06-2026,Road_Repair,GCC Roads,Contractor_09,Drainage maintenance,Completed,05-06-2026,15-06-2026,GCC/ROAD/2026/7683,502010,No,No,N/A,Synthetic prototype intervention record
EVT_000677,RD_00908,02-05-2026,Road_Restoration,TANGEDCO,Contractor_24,Road resurfacing,Completed,02-05-2026,06-05-2026,GCC/ROAD/2026/8819,171863,No,No,N/A,Synthetic prototype intervention record
EVT_000678,RD_00722,21-06-2026,Construction,Other Utility Agency,Contractor_23,Utility excavation and restoration,Completed,21-06-2026,22-06-2026,GCC/ROAD/2026/1913,512134,No,No,N/A,Synthetic prototype intervention record
EVT_000679,RD_00322,01-07-2026,Road_Restoration,TANGEDCO,Contractor_29,Drainage maintenance,Completed,01-07-2026,13-07-2026,GCC/ROAD/2026/3502,623375,No,No,N/A,Synthetic prototype intervention record
EVT_000680,RD_00200,26-04-2026,Drainage_Work,Telecom Utility,Contractor_19,Surface repair and maintenance,Completed,26-04-2026,29-04-2026,GCC/ROAD/2026/7648,720404,No,No,N/A,Synthetic prototype intervention record
EVT_000681,RD_00799,10-02-2026,Road_Repair,GCC Roads,Contractor_06,Surface repair and maintenance,Completed,10-02-2026,20-02-2026,GCC/ROAD/2026/6884,373275,No,No,N/A,Synthetic prototype intervention record
EVT_000682,RD_00012,03-05-2026,Road_Restoration,Telecom Utility,Contractor_13,Emergency road repair,Completed,03-05-2026,08-05-2026,GCC/ROAD/2026/5393,622549,No,No,N/A,Synthetic prototype intervention record
EVT_000683,RD_00085,25-06-2026,Road_Cutting,Chennai Metro Water,Contractor_22,Emergency road repair,Completed,25-06-2026,06-07-2026,GCC/ROAD/2026/7816,342482,Yes,Yes,Yes,Synthetic prototype intervention record
EVT_000684,RD_00371,18-03-2026,Pothole_Repair,GCC Roads,Contractor_17,Surface repair and maintenance,Completed,18-03-2026,29-03-2026,GCC/ROAD/2026/9538,172620,No,No,N/A,Synthetic prototype intervention record
EVT_000685,RD_00252,02-04-2026,Road_Repair,GCC Roads,Contractor_16,Drainage maintenance,Completed,02-04-2026,12-04-2026,GCC/ROAD/2026/5776,510490,No,No,N/A,Synthetic prototype intervention record
EVT_000686,RD_00339,01-02-2026,Pothole_Repair,GCC Roads,Contractor_25,Emergency road repair,Completed,01-02-2026,10-02-2026,GCC/ROAD/2026/6362,708906,No,No,N/A,Synthetic prototype intervention record
EVT_000687,RD_00174,04-05-2026,Road_Repair,GCC Roads,Contractor_09,Utility excavation and restoration,Completed,04-05-2026,11-05-2026,GCC/ROAD/2026/6568,444045,No,No,N/A,Synthetic prototype intervention record
EVT_000688,RD_00312,08-04-2026,Pothole_Repair,GCC Roads,Contractor_25,Utility excavation and restoration,Completed,08-04-2026,20-04-2026,GCC/ROAD/2026/2468,468646,No,No,N/A,Synthetic prototype intervention record
EVT_000689,RD_00336,02-07-2026,Resurfacing,GCC Roads,Contractor_24,Pothole filling,Completed,02-07-2026,16-07-2026,GCC/ROAD/2026/3372,661663,No,No,N/A,Synthetic prototype intervention record
EVT_000690,RD_00549,11-05-2026,Drainage_Work,TANGEDCO,Contractor_05,Surface repair and maintenance,Completed,11-05-2026,24-05-2026,GCC/ROAD/2026/5736,631277,No,No,N/A,Synthetic prototype intervention record
EVT_000691,RD_00184,13-01-2026,Road_Restoration,TANGEDCO,Contractor_23,Pothole filling,Completed,13-01-2026,20-01-2026,GCC/ROAD/2026/7033,36559,No,No,N/A,Synthetic prototype intervention record
EVT_000692,RD_00708,27-01-2026,Road_Repair,GCC Roads,Contractor_18,Utility excavation and restoration,Completed,27-01-2026,07-02-2026,GCC/ROAD/2026/1168,148296,No,No,N/A,Synthetic prototype intervention record
EVT_000693,RD_00675,30-07-2026,Utility_Excavation,Other Utility Agency,Contractor_22,Surface repair and maintenance,Completed,30-07-2026,06-08-2026,GCC/ROAD/2026/3198,34192,Yes,Yes,Yes,Synthetic prototype intervention record
EVT_000694,RD_00063,31-01-2026,Resurfacing,GCC Roads,Contractor_13,Emergency road repair,Completed,31-01-2026,01-02-2026,GCC/ROAD/2026/2196,204844,No,No,N/A,Synthetic prototype intervention record
EVT_000695,RD_00553,14-05-2026,Drainage_Work,Telecom Utility,Contractor_13,Emergency road repair,Completed,14-05-2026,15-05-2026,GCC/ROAD/2026/7626,514054,No,No,N/A,Synthetic prototype intervention record
EVT_000696,RD_00772,30-04-2026,Road_Repair,GCC Roads,Contractor_24,Pothole filling,Completed,30-04-2026,05-05-2026,GCC/ROAD/2026/5630,516549,No,No,N/A,Synthetic prototype intervention record
EVT_000697,RD_00844,08-01-2026,Pothole_Repair,GCC Roads,Contractor_24,Pothole filling,Completed,08-01-2026,22-01-2026,GCC/ROAD/2026/5895,455563,No,No,N/A,Synthetic prototype intervention record
EVT_000698,RD_00859,22-04-2026,Drainage_Work,Chennai Metro Water,Contractor_21,Emergency road repair,Completed,22-04-2026,24-04-2026,GCC/ROAD/2026/4721,355773,No,No,N/A,Synthetic prototype intervention record
EVT_000699,RD_00452,04-06-2026,Road_Repair,GCC Roads,Contractor_06,Road resurfacing,Completed,04-06-2026,11-06-2026,GCC/ROAD/2026/7720,206514,No,No,N/A,Synthetic prototype intervention record
EVT_000700,RD_00724,10-04-2026,Road_Repair,GCC Roads,Contractor_12,Road resurfacing,Completed,10-04-2026,13-04-2026,GCC/ROAD/2026/7560,286839,No,No,N/A,Synthetic prototype intervention record
EVT_000701,RD_00484,05-01-2026,Road_Cutting,Other Utility Agency,Contractor_02,Utility excavation and restoration,Completed,05-01-2026,13-01-2026,GCC/ROAD/2026/3678,361125,Yes,Yes,Yes,Synthetic prototype intervention record
EVT_000702,RD_00528,20-06-2026,Road_Repair,GCC Roads,Contractor_26,Road resurfacing,Completed,20-06-2026,25-06-2026,GCC/ROAD/2026/5570,380841,No,No,N/A,Synthetic prototype intervention record
EVT_000703,RD_00496,26-06-2026,Resurfacing,GCC Roads,Contractor_02,Emergency road repair,Completed,26-06-2026,29-06-2026,GCC/ROAD/2026/7177,658932,No,No,N/A,Synthetic prototype intervention record
EVT_000704,RD_00698,12-05-2026,Pothole_Repair,GCC Roads,Contractor_05,Utility excavation and restoration,Completed,12-05-2026,13-05-2026,GCC/ROAD/2026/5176,741016,No,No,N/A,Synthetic prototype intervention record
EVT_000705,RD_00428,18-05-2026,Road_Repair,GCC Roads,Contractor_18,Drainage maintenance,Completed,18-05-2026,27-05-2026,GCC/ROAD/2026/2524,71525,No,No,N/A,Synthetic prototype intervention record
EVT_000706,RD_00603,29-08-2026,Drainage_Work,Other Utility Agency,Contractor_16,Pothole filling,Completed,29-08-2026,31-08-2026,GCC/ROAD/2026/1344,667511,No,No,N/A,Synthetic prototype intervention record
EVT_000707,RD_00621,15-04-2026,Utility_Excavation,Chennai Metro Water,Contractor_08,Utility excavation and restoration,Completed,15-04-2026,20-04-2026,GCC/ROAD/2026/9614,564421,Yes,Yes,Yes,Synthetic prototype intervention record
EVT_000708,RD_00171,20-06-2026,Road_Restoration,TANGEDCO,Contractor_29,Road resurfacing,Completed,20-06-2026,01-07-2026,GCC/ROAD/2026/9389,115482,No,No,N/A,Synthetic prototype intervention record
EVT_000709,RD_00789,24-04-2026,Road_Repair,GCC Roads,Contractor_18,Pothole filling,Completed,24-04-2026,26-04-2026,GCC/ROAD/2026/9040,568013,No,No,N/A,Synthetic prototype intervention record
EVT_000710,RD_00649,02-09-2026,Road_Restoration,TANGEDCO,Contractor_22,Pothole filling,Completed,02-09-2026,15-09-2026,GCC/ROAD/2026/2493,222342,No,No,N/A,Synthetic prototype intervention record
EVT_000711,RD_00840,20-04-2026,Pothole_Repair,GCC Roads,Contractor_19,Utility excavation and restoration,Completed,20-04-2026,24-04-2026,GCC/ROAD/2026/1353,580542,No,No,N/A,Synthetic prototype intervention record
EVT_000712,RD_00566,23-08-2026,Road_Repair,GCC Roads,Contractor_20,Pothole filling,Completed,23-08-2026,26-08-2026,GCC/ROAD/2026/1912,436077,No,No,N/A,Synthetic prototype intervention record
EVT_000713,RD_00074,20-06-2026,Resurfacing,GCC Roads,Contractor_28,Emergency road repair,Completed,20-06-2026,03-07-2026,GCC/ROAD/2026/1603,596980,No,No,N/A,Synthetic prototype intervention record
EVT_000714,RD_00951,08-05-2026,Pothole_Repair,GCC Roads,Contractor_10,Drainage maintenance,Completed,08-05-2026,18-05-2026,GCC/ROAD/2026/1226,427585,No,No,N/A,Synthetic prototype intervention record
EVT_000715,RD_00612,25-06-2026,Road_Repair,GCC Roads,Contractor_11,Road resurfacing,Completed,25-06-2026,29-06-2026,GCC/ROAD/2026/3930,412903,No,No,N/A,Synthetic prototype intervention record
EVT_000716,RD_00580,12-02-2026,Road_Repair,GCC Roads,Contractor_25,Drainage maintenance,Completed,12-02-2026,23-02-2026,GCC/ROAD/2026/7647,464945,No,No,N/A,Synthetic prototype intervention record
EVT_000717,RD_00935,14-06-2026,Pothole_Repair,GCC Roads,Contractor_06,Utility excavation and restoration,Completed,14-06-2026,24-06-2026,GCC/ROAD/2026/5037,705813,No,No,N/A,Synthetic prototype intervention record
EVT_000718,RD_00317,08-03-2026,Utility_Excavation,TANGEDCO,Contractor_30,Drainage maintenance,Completed,08-03-2026,20-03-2026,GCC/ROAD/2026/3524,288784,Yes,Yes,Yes,Synthetic prototype intervention record
EVT_000719,RD_00899,09-06-2026,Utility_Excavation,TANGEDCO,Contractor_23,Road resurfacing,Completed,09-06-2026,11-06-2026,GCC/ROAD/2026/2866,314010,Yes,Yes,Yes,Synthetic prototype intervention record
EVT_000720,RD_00882,17-01-2026,Pothole_Repair,GCC Roads,Contractor_13,Drainage maintenance,Completed,17-01-2026,23-01-2026,GCC/ROAD/2026/3043,183516,No,No,N/A,Synthetic prototype intervention record
EVT_000721,RD_00713,29-07-2026,Construction,TANGEDCO,Contractor_04,Pothole filling,Completed,29-07-2026,01-08-2026,GCC/ROAD/2026/1514,685937,No,No,N/A,Synthetic prototype intervention record
EVT_000722,RD_00340,05-08-2026,Road_Cutting,Telecom Utility,Contractor_04,Road resurfacing,Completed,05-08-2026,10-08-2026,GCC/ROAD/2026/6871,587941,Yes,Yes,Yes,Synthetic prototype intervention record
EVT_000723,RD_00668,24-06-2026,Road_Restoration,Telecom Utility,Contractor_27,Drainage maintenance,Completed,24-06-2026,05-07-2026,GCC/ROAD/2026/5655,324136,No,No,N/A,Synthetic prototype intervention record
EVT_000724,RD_00468,21-02-2026,Road_Repair,GCC Roads,Contractor_03,Pothole filling,Completed,21-02-2026,06-03-2026,GCC/ROAD/2026/2328,671044,No,No,N/A,Synthetic prototype intervention record
EVT_000725,RD_00289,09-04-2026,Resurfacing,GCC Roads,Contractor_27,Surface repair and maintenance,Completed,09-04-2026,22-04-2026,GCC/ROAD/2026/9702,556352,No,No,N/A,Synthetic prototype intervention record
EVT_000726,RD_00243,05-06-2026,Road_Restoration,Telecom Utility,Contractor_19,Road resurfacing,Completed,05-06-2026,13-06-2026,GCC/ROAD/2026/7321,136989,No,No,N/A,Synthetic prototype intervention record
EVT_000727,RD_00984,14-07-2026,Pothole_Repair,GCC Roads,Contractor_19,Utility excavation and restoration,Completed,14-07-2026,23-07-2026,GCC/ROAD/2026/8774,200411,No,No,N/A,Synthetic prototype intervention record
EVT_000728,RD_00521,17-03-2026,Utility_Excavation,Other Utility Agency,Contractor_09,Utility excavation and restoration,Completed,17-03-2026,22-03-2026,GCC/ROAD/2026/1944,28591,Yes,Yes,Yes,Synthetic prototype intervention record
EVT_000729,RD_00694,30-06-2026,Resurfacing,GCC Roads,Contractor_17,Drainage maintenance,Completed,30-06-2026,06-07-2026,GCC/ROAD/2026/5996,503924,No,No,N/A,Synthetic prototype intervention record
EVT_000730,RD_00188,26-04-2026,Road_Restoration,Other Utility Agency,Contractor_29,Surface repair and maintenance,Completed,26-04-2026,06-05-2026,GCC/ROAD/2026/7453,729696,No,No,N/A,Synthetic prototype intervention record
EVT_000731,RD_00607,28-04-2026,Utility_Work,Other Utility Agency,Contractor_18,Surface repair and maintenance,Completed,28-04-2026,03-05-2026,GCC/ROAD/2026/9290,451026,Yes,Yes,Yes,Synthetic prototype intervention record
EVT_000732,RD_00396,29-03-2026,Road_Repair,GCC Roads,Contractor_24,Surface repair and maintenance,Completed,29-03-2026,30-03-2026,GCC/ROAD/2026/6064,613892,No,No,N/A,Synthetic prototype intervention record
EVT_000733,RD_00625,02-06-2026,Drainage_Work,Chennai Metro Water,Contractor_15,Road resurfacing,Completed,02-06-2026,11-06-2026,GCC/ROAD/2026/3429,508320,No,No,N/A,Synthetic prototype intervention record
EVT_000734,RD_00961,18-04-2026,Utility_Excavation,Other Utility Agency,Contractor_02,Road resurfacing,Completed,18-04-2026,01-05-2026,GCC/ROAD/2026/8644,545493,Yes,Yes,Yes,Synthetic prototype intervention record
EVT_000735,RD_00135,11-03-2026,Resurfacing,GCC Roads,Contractor_26,Road resurfacing,Completed,11-03-2026,24-03-2026,GCC/ROAD/2026/6062,345937,No,No,N/A,Synthetic prototype intervention record
EVT_000736,RD_00649,04-01-2026,Construction,Telecom Utility,Contractor_06,Road resurfacing,Completed,04-01-2026,18-01-2026,GCC/ROAD/2026/4847,436814,No,No,N/A,Synthetic prototype intervention record
EVT_000737,RD_00539,28-07-2026,Construction,Telecom Utility,Contractor_27,Surface repair and maintenance,Completed,28-07-2026,10-08-2026,GCC/ROAD/2026/5044,328938,No,No,N/A,Synthetic prototype intervention record
EVT_000738,RD_00479,27-07-2026,Utility_Work,TANGEDCO,Contractor_28,Emergency road repair,Completed,27-07-2026,04-08-2026,GCC/ROAD/2026/5119,731510,Yes,Yes,Yes,Synthetic prototype intervention record
EVT_000739,RD_00759,11-08-2026,Resurfacing,GCC Roads,Contractor_13,Drainage maintenance,Completed,11-08-2026,22-08-2026,GCC/ROAD/2026/8940,698182,No,No,N/A,Synthetic prototype intervention record
EVT_000740,RD_00671,27-01-2026,Utility_Work,Chennai Metro Water,Contractor_11,Utility excavation and restoration,Completed,27-01-2026,05-02-2026,GCC/ROAD/2026/5395,218178,Yes,Yes,Yes,Synthetic prototype intervention record
EVT_000741,RD_00042,19-05-2026,Utility_Excavation,Chennai Metro Water,Contractor_06,Utility excavation and restoration,Completed,19-05-2026,20-05-2026,GCC/ROAD/2026/8186,451703,Yes,Yes,Yes,Synthetic prototype intervention record
EVT_000742,RD_00134,12-01-2026,Utility_Excavation,Chennai Metro Water,Contractor_12,Surface repair and maintenance,Completed,12-01-2026,24-01-2026,GCC/ROAD/2026/8305,70923,Yes,Yes,Yes,Synthetic prototype intervention record
EVT_000743,RD_00466,14-05-2026,Utility_Excavation,Chennai Metro Water,Contractor_03,Emergency road repair,Completed,14-05-2026,24-05-2026,GCC/ROAD/2026/9157,687453,Yes,Yes,Yes,Synthetic prototype intervention record
EVT_000744,RD_00171,25-06-2026,Pothole_Repair,GCC Roads,Contractor_14,Pothole filling,Completed,25-06-2026,01-07-2026,GCC/ROAD/2026/2311,280383,No,No,N/A,Synthetic prototype intervention record
EVT_000745,RD_00942,22-02-2026,Pothole_Repair,GCC Roads,Contractor_04,Drainage maintenance,Completed,22-02-2026,28-02-2026,GCC/ROAD/2026/8971,319027,No,No,N/A,Synthetic prototype intervention record
EVT_000746,RD_00778,20-04-2026,Emergency_Repair,GCC Roads,Contractor_11,Emergency road repair,Completed,20-04-2026,30-04-2026,GCC/ROAD/2026/3450,384055,No,No,N/A,Synthetic prototype intervention record
EVT_000747,RD_00362,03-07-2026,Road_Repair,GCC Roads,Contractor_27,Surface repair and maintenance,Completed,03-07-2026,10-07-2026,GCC/ROAD/2026/9878,565750,No,No,N/A,Synthetic prototype intervention record
EVT_000748,RD_00630,14-07-2026,Road_Restoration,TANGEDCO,Contractor_05,Pothole filling,Completed,14-07-2026,17-07-2026,GCC/ROAD/2026/7564,347946,No,No,N/A,Synthetic prototype intervention record
EVT_000749,RD_00116,26-08-2026,Drainage_Work,Chennai Metro Water,Contractor_06,Surface repair and maintenance,Completed,26-08-2026,30-08-2026,GCC/ROAD/2026/8033,492321,No,No,N/A,Synthetic prototype intervention record
EVT_000750,RD_00577,03-04-2026,Drainage_Work,Telecom Utility,Contractor_22,Emergency road repair,Completed,03-04-2026,10-04-2026,GCC/ROAD/2026/7843,733438,No,No,N/A,Synthetic prototype intervention record
EVT_000751,RD_00764,18-08-2026,Drainage_Work,Other Utility Agency,Contractor_16,Drainage maintenance,Completed,18-08-2026,22-08-2026,GCC/ROAD/2026/6785,692117,No,No,N/A,Synthetic prototype intervention record
EVT_000752,RD_00337,26-08-2026,Road_Repair,GCC Roads,Contractor_22,Drainage maintenance,Completed,26-08-2026,03-09-2026,GCC/ROAD/2026/5556,112589,No,No,N/A,Synthetic prototype intervention record
EVT_000753,RD_00357,05-06-2026,Road_Cutting,Telecom Utility,Contractor_23,Pothole filling,Completed,05-06-2026,14-06-2026,GCC/ROAD/2026/1364,387404,Yes,Yes,Yes,Synthetic prototype intervention record
EVT_000754,RD_00616,05-05-2026,Resurfacing,GCC Roads,Contractor_29,Surface repair and maintenance,Completed,05-05-2026,16-05-2026,GCC/ROAD/2026/3836,203833,No,No,N/A,Synthetic prototype intervention record
EVT_000755,RD_00076,16-07-2026,Resurfacing,GCC Roads,Contractor_07,Surface repair and maintenance,Completed,16-07-2026,28-07-2026,GCC/ROAD/2026/6431,38989,No,No,N/A,Synthetic prototype intervention record
EVT_000756,RD_00773,12-01-2026,Pothole_Repair,GCC Roads,Contractor_26,Road resurfacing,Completed,12-01-2026,19-01-2026,GCC/ROAD/2026/3326,357313,No,No,N/A,Synthetic prototype intervention record
EVT_000757,RD_00555,25-05-2026,Utility_Excavation,Chennai Metro Water,Contractor_21,Surface repair and maintenance,Completed,25-05-2026,02-06-2026,GCC/ROAD/2026/5075,666736,Yes,Yes,Yes,Synthetic prototype intervention record
EVT_000758,RD_00711,20-07-2026,Drainage_Work,Telecom Utility,Contractor_04,Road resurfacing,Completed,20-07-2026,26-07-2026,GCC/ROAD/2026/6032,164391,No,No,N/A,Synthetic prototype intervention record
EVT_000759,RD_00054,05-01-2026,Resurfacing,GCC Roads,Contractor_25,Surface repair and maintenance,Completed,05-01-2026,06-01-2026,GCC/ROAD/2026/6727,145495,No,No,N/A,Synthetic prototype intervention record
EVT_000760,RD_00745,18-05-2026,Pothole_Repair,GCC Roads,Contractor_19,Emergency road repair,Completed,18-05-2026,26-05-2026,GCC/ROAD/2026/1921,680943,No,No,N/A,Synthetic prototype intervention record
EVT_000761,RD_00748,23-02-2026,Road_Cutting,Chennai Metro Water,Contractor_25,Pothole filling,Completed,23-02-2026,03-03-2026,GCC/ROAD/2026/7535,220932,Yes,Yes,Yes,Synthetic prototype intervention record
EVT_000762,RD_00070,15-01-2026,Utility_Work,Other Utility Agency,Contractor_16,Emergency road repair,Completed,15-01-2026,19-01-2026,GCC/ROAD/2026/6841,172314,Yes,Yes,Yes,Synthetic prototype intervention record
EVT_000763,RD_00669,22-05-2026,Resurfacing,GCC Roads,Contractor_17,Emergency road repair,Completed,22-05-2026,03-06-2026,GCC/ROAD/2026/4532,417517,No,No,N/A,Synthetic prototype intervention record
EVT_000764,RD_00341,16-07-2026,Pothole_Repair,GCC Roads,Contractor_04,Utility excavation and restoration,Completed,16-07-2026,18-07-2026,GCC/ROAD/2026/1857,358434,No,No,N/A,Synthetic prototype intervention record
EVT_000765,RD_00874,22-03-2026,Construction,Telecom Utility,Contractor_30,Utility excavation and restoration,Completed,22-03-2026,25-03-2026,GCC/ROAD/2026/7138,275607,No,No,N/A,Synthetic prototype intervention record
EVT_000766,RD_00754,16-06-2026,Road_Repair,GCC Roads,Contractor_24,Road resurfacing,Completed,16-06-2026,18-06-2026,GCC/ROAD/2026/6177,356952,No,No,N/A,Synthetic prototype intervention record
EVT_000767,RD_00138,02-05-2026,Road_Restoration,Other Utility Agency,Contractor_13,Emergency road repair,Completed,02-05-2026,03-05-2026,GCC/ROAD/2026/2873,677587,No,No,N/A,Synthetic prototype intervention record
EVT_000768,RD_00108,17-01-2026,Resurfacing,GCC Roads,Contractor_28,Drainage maintenance,Completed,17-01-2026,22-01-2026,GCC/ROAD/2026/4526,219644,No,No,N/A,Synthetic prototype intervention record
EVT_000769,RD_00670,04-06-2026,Road_Repair,GCC Roads,Contractor_24,Emergency road repair,Completed,04-06-2026,10-06-2026,GCC/ROAD/2026/9525,429813,No,No,N/A,Synthetic prototype intervention record
EVT_000770,RD_00324,14-07-2026,Resurfacing,GCC Roads,Contractor_09,Drainage maintenance,Completed,14-07-2026,25-07-2026,GCC/ROAD/2026/6202,553739,No,No,N/A,Synthetic prototype intervention record
EVT_000771,RD_00843,17-03-2026,Resurfacing,GCC Roads,Contractor_18,Emergency road repair,Completed,17-03-2026,22-03-2026,GCC/ROAD/2026/9361,699351,No,No,N/A,Synthetic prototype intervention record
EVT_000772,RD_00729,06-08-2026,Road_Restoration,TANGEDCO,Contractor_04,Drainage maintenance,Completed,06-08-2026,09-08-2026,GCC/ROAD/2026/3741,272353,No,No,N/A,Synthetic prototype intervention record
EVT_000773,RD_00044,26-04-2026,Road_Restoration,TANGEDCO,Contractor_27,Utility excavation and restoration,Completed,26-04-2026,03-05-2026,GCC/ROAD/2026/8048,557921,No,No,N/A,Synthetic prototype intervention record
EVT_000774,RD_00534,17-01-2026,Road_Repair,GCC Roads,Contractor_09,Drainage maintenance,Completed,17-01-2026,19-01-2026,GCC/ROAD/2026/7987,688721,No,No,N/A,Synthetic prototype intervention record
EVT_000775,RD_00169,28-08-2026,Road_Restoration,Chennai Metro Water,Contractor_20,Drainage maintenance,Completed,28-08-2026,02-09-2026,GCC/ROAD/2026/9592,674038,No,No,N/A,Synthetic prototype intervention record
EVT_000776,RD_00119,18-04-2026,Drainage_Work,Telecom Utility,Contractor_28,Utility excavation and restoration,Completed,18-04-2026,02-05-2026,GCC/ROAD/2026/8629,479694,No,No,N/A,Synthetic prototype intervention record
EVT_000777,RD_00042,12-08-2026,Utility_Excavation,TANGEDCO,Contractor_20,Drainage maintenance,Completed,12-08-2026,17-08-2026,GCC/ROAD/2026/5717,344503,Yes,Yes,No,Synthetic prototype intervention record
EVT_000778,RD_00393,13-06-2026,Resurfacing,GCC Roads,Contractor_28,Surface repair and maintenance,Completed,13-06-2026,19-06-2026,GCC/ROAD/2026/9090,80953,No,No,N/A,Synthetic prototype intervention record
EVT_000779,RD_00996,07-08-2026,Pothole_Repair,GCC Roads,Contractor_12,Pothole filling,Completed,07-08-2026,17-08-2026,GCC/ROAD/2026/3828,231116,No,No,N/A,Synthetic prototype intervention record
EVT_000780,RD_00742,07-04-2026,Resurfacing,GCC Roads,Contractor_18,Utility excavation and restoration,Completed,07-04-2026,20-04-2026,GCC/ROAD/2026/1064,487690,No,No,N/A,Synthetic prototype intervention record
EVT_000781,RD_00728,17-07-2026,Utility_Excavation,TANGEDCO,Contractor_15,Drainage maintenance,Completed,17-07-2026,25-07-2026,GCC/ROAD/2026/9910,413052,Yes,Yes,Yes,Synthetic prototype intervention record
EVT_000782,RD_00088,09-05-2026,Pothole_Repair,GCC Roads,Contractor_04,Emergency road repair,Completed,09-05-2026,18-05-2026,GCC/ROAD/2026/2536,274998,No,No,N/A,Synthetic prototype intervention record
EVT_000783,RD_00246,26-06-2026,Pothole_Repair,GCC Roads,Contractor_19,Pothole filling,Completed,26-06-2026,05-07-2026,GCC/ROAD/2026/8797,185720,No,No,N/A,Synthetic prototype intervention record
EVT_000784,RD_00247,28-02-2026,Utility_Excavation,TANGEDCO,Contractor_19,Pothole filling,Completed,28-02-2026,14-03-2026,GCC/ROAD/2026/1642,420575,Yes,Yes,Yes,Synthetic prototype intervention record
EVT_000785,RD_00843,10-07-2026,Utility_Excavation,Chennai Metro Water,Contractor_14,Utility excavation and restoration,Completed,10-07-2026,18-07-2026,GCC/ROAD/2026/1701,104093,Yes,Yes,Yes,Synthetic prototype intervention record
EVT_000786,RD_00798,29-08-2026,Road_Repair,GCC Roads,Contractor_10,Road resurfacing,Completed,29-08-2026,11-09-2026,GCC/ROAD/2026/4690,708568,No,No,N/A,Synthetic prototype intervention record
EVT_000787,RD_00241,08-04-2026,Road_Cutting,Telecom Utility,Contractor_04,Road resurfacing,Completed,08-04-2026,09-04-2026,GCC/ROAD/2026/7298,87714,Yes,Yes,No,Synthetic prototype intervention record
EVT_000788,RD_00239,16-02-2026,Utility_Excavation,Other Utility Agency,Contractor_02,Emergency road repair,Completed,16-02-2026,01-03-2026,GCC/ROAD/2026/9941,714603,Yes,Yes,Yes,Synthetic prototype intervention record
EVT_000789,RD_00780,28-06-2026,Road_Repair,GCC Roads,Contractor_13,Road resurfacing,Completed,28-06-2026,08-07-2026,GCC/ROAD/2026/3749,50281,No,No,N/A,Synthetic prototype intervention record
EVT_000790,RD_00726,13-03-2026,Emergency_Repair,GCC Roads,Contractor_29,Emergency road repair,Completed,13-03-2026,22-03-2026,GCC/ROAD/2026/4902,577199,No,No,N/A,Synthetic prototype intervention record
EVT_000791,RD_00830,01-07-2026,Utility_Excavation,Chennai Metro Water,Contractor_05,Surface repair and maintenance,Completed,01-07-2026,12-07-2026,GCC/ROAD/2026/8732,638735,Yes,Yes,Yes,Synthetic prototype intervention record
EVT_000792,RD_00685,17-05-2026,Emergency_Repair,GCC Roads,Contractor_18,Pothole filling,Completed,17-05-2026,26-05-2026,GCC/ROAD/2026/7230,83415,No,No,N/A,Synthetic prototype intervention record
EVT_000793,RD_00157,07-01-2026,Resurfacing,GCC Roads,Contractor_07,Pothole filling,Completed,07-01-2026,08-01-2026,GCC/ROAD/2026/2986,741891,No,No,N/A,Synthetic prototype intervention record
EVT_000794,RD_00601,02-03-2026,Road_Cutting,Telecom Utility,Contractor_27,Emergency road repair,Completed,02-03-2026,05-03-2026,GCC/ROAD/2026/5921,183291,Yes,Yes,Yes,Synthetic prototype intervention record
EVT_000795,RD_00718,11-07-2026,Drainage_Work,Telecom Utility,Contractor_06,Drainage maintenance,Completed,11-07-2026,13-07-2026,GCC/ROAD/2026/9336,190138,No,No,N/A,Synthetic prototype intervention record
EVT_000796,RD_00261,09-07-2026,Drainage_Work,Telecom Utility,Contractor_17,Surface repair and maintenance,Completed,09-07-2026,15-07-2026,GCC/ROAD/2026/1372,437771,No,No,N/A,Synthetic prototype intervention record
EVT_000797,RD_00621,13-03-2026,Utility_Work,Chennai Metro Water,Contractor_10,Drainage maintenance,Completed,13-03-2026,14-03-2026,GCC/ROAD/2026/7817,362956,Yes,Yes,Yes,Synthetic prototype intervention record
EVT_000798,RD_00861,28-03-2026,Road_Cutting,Chennai Metro Water,Contractor_22,Drainage maintenance,Completed,28-03-2026,29-03-2026,GCC/ROAD/2026/4620,303741,Yes,Yes,No,Synthetic prototype intervention record
EVT_000799,RD_00203,15-04-2026,Road_Repair,GCC Roads,Contractor_02,Emergency road repair,Completed,15-04-2026,24-04-2026,GCC/ROAD/2026/5179,221386,No,No,N/A,Synthetic prototype intervention record
EVT_000800,RD_00696,05-03-2026,Resurfacing,GCC Roads,Contractor_10,Drainage maintenance,Completed,05-03-2026,09-03-2026,GCC/ROAD/2026/8141,504945,No,No,N/A,Synthetic prototype intervention record
EVT_000801,RD_00286,21-06-2026,Road_Cutting,Other Utility Agency,Contractor_21,Surface repair and maintenance,Completed,21-06-2026,25-06-2026,GCC/ROAD/2026/9934,120697,Yes,Yes,Yes,Synthetic prototype intervention record
EVT_000802,RD_00547,14-04-2026,Resurfacing,GCC Roads,Contractor_28,Drainage maintenance,Completed,14-04-2026,26-04-2026,GCC/ROAD/2026/4161,615304,No,No,N/A,Synthetic prototype intervention record
EVT_000803,RD_00845,17-05-2026,Road_Repair,GCC Roads,Contractor_11,Pothole filling,Completed,17-05-2026,20-05-2026,GCC/ROAD/2026/9548,525066,No,No,N/A,Synthetic prototype intervention record
EVT_000804,RD_00546,13-03-2026,Road_Repair,GCC Roads,Contractor_30,Drainage maintenance,Completed,13-03-2026,24-03-2026,GCC/ROAD/2026/4470,383594,No,No,N/A,Synthetic prototype intervention record
EVT_000805,RD_00421,23-01-2026,Road_Repair,GCC Roads,Contractor_16,Utility excavation and restoration,Completed,23-01-2026,26-01-2026,GCC/ROAD/2026/2988,353843,No,No,N/A,Synthetic prototype intervention record
EVT_000806,RD_00475,01-01-2026,Resurfacing,GCC Roads,Contractor_25,Drainage maintenance,Completed,01-01-2026,13-01-2026,GCC/ROAD/2026/2703,66356,No,No,N/A,Synthetic prototype intervention record
EVT_000807,RD_00570,25-06-2026,Road_Repair,GCC Roads,Contractor_25,Surface repair and maintenance,Completed,25-06-2026,26-06-2026,GCC/ROAD/2026/7135,527712,No,No,N/A,Synthetic prototype intervention record
EVT_000808,RD_00976,22-03-2026,Road_Cutting,Other Utility Agency,Contractor_09,Utility excavation and restoration,Completed,22-03-2026,29-03-2026,GCC/ROAD/2026/5795,187955,Yes,Yes,No,Synthetic prototype intervention record
EVT_000809,RD_00284,14-01-2026,Road_Restoration,Chennai Metro Water,Contractor_16,Drainage maintenance,Completed,14-01-2026,25-01-2026,GCC/ROAD/2026/9391,365125,No,No,N/A,Synthetic prototype intervention record
EVT_000810,RD_00516,04-07-2026,Road_Restoration,Telecom Utility,Contractor_06,Utility excavation and restoration,Completed,04-07-2026,14-07-2026,GCC/ROAD/2026/5957,531394,No,No,N/A,Synthetic prototype intervention record
EVT_000811,RD_00602,15-02-2026,Road_Restoration,Chennai Metro Water,Contractor_03,Emergency road repair,Completed,15-02-2026,28-02-2026,GCC/ROAD/2026/8771,453010,No,No,N/A,Synthetic prototype intervention record
EVT_000812,RD_00273,26-04-2026,Pothole_Repair,GCC Roads,Contractor_26,Road resurfacing,Completed,26-04-2026,30-04-2026,GCC/ROAD/2026/5435,92541,No,No,N/A,Synthetic prototype intervention record
EVT_000813,RD_00677,10-05-2026,Drainage_Work,Chennai Metro Water,Contractor_02,Drainage maintenance,Completed,10-05-2026,21-05-2026,GCC/ROAD/2026/4793,407723,No,No,N/A,Synthetic prototype intervention record
EVT_000814,RD_00933,20-05-2026,Drainage_Work,Other Utility Agency,Contractor_08,Road resurfacing,Completed,20-05-2026,26-05-2026,GCC/ROAD/2026/2103,188865,No,No,N/A,Synthetic prototype intervention record
EVT_000815,RD_00376,28-06-2026,Utility_Excavation,TANGEDCO,Contractor_23,Emergency road repair,Completed,28-06-2026,05-07-2026,GCC/ROAD/2026/5483,552417,Yes,Yes,Yes,Synthetic prototype intervention record
EVT_000816,RD_00325,02-07-2026,Utility_Excavation,TANGEDCO,Contractor_09,Drainage maintenance,Completed,02-07-2026,15-07-2026,GCC/ROAD/2026/2924,502348,Yes,Yes,Yes,Synthetic prototype intervention record
EVT_000817,RD_00923,16-08-2026,Utility_Work,Other Utility Agency,Contractor_11,Utility excavation and restoration,Completed,16-08-2026,26-08-2026,GCC/ROAD/2026/9952,321323,Yes,Yes,Yes,Synthetic prototype intervention record
EVT_000818,RD_00116,01-02-2026,Resurfacing,GCC Roads,Contractor_27,Pothole filling,Completed,01-02-2026,07-02-2026,GCC/ROAD/2026/7324,49304,No,No,N/A,Synthetic prototype intervention record
EVT_000819,RD_00534,11-05-2026,Road_Repair,GCC Roads,Contractor_17,Emergency road repair,Completed,11-05-2026,14-05-2026,GCC/ROAD/2026/6844,370353,No,No,N/A,Synthetic prototype intervention record
EVT_000820,RD_00314,28-07-2026,Utility_Excavation,Chennai Metro Water,Contractor_30,Utility excavation and restoration,Completed,28-07-2026,04-08-2026,GCC/ROAD/2026/6250,391667,Yes,Yes,Yes,Synthetic prototype intervention record
EVT_000821,RD_00197,09-02-2026,Utility_Work,Telecom Utility,Contractor_18,Utility excavation and restoration,Completed,09-02-2026,23-02-2026,GCC/ROAD/2026/2286,679299,Yes,Yes,Yes,Synthetic prototype intervention record
EVT_000822,RD_00081,21-04-2026,Road_Restoration,Telecom Utility,Contractor_12,Pothole filling,Completed,21-04-2026,26-04-2026,GCC/ROAD/2026/3057,115559,No,No,N/A,Synthetic prototype intervention record
EVT_000823,RD_00721,24-01-2026,Road_Repair,GCC Roads,Contractor_27,Road resurfacing,Completed,24-01-2026,01-02-2026,GCC/ROAD/2026/3338,629581,No,No,N/A,Synthetic prototype intervention record
EVT_000824,RD_00773,01-08-2026,Resurfacing,GCC Roads,Contractor_08,Road resurfacing,Completed,01-08-2026,07-08-2026,GCC/ROAD/2026/8790,732753,No,No,N/A,Synthetic prototype intervention record
EVT_000825,RD_00481,23-05-2026,Road_Restoration,TANGEDCO,Contractor_11,Pothole filling,Completed,23-05-2026,30-05-2026,GCC/ROAD/2026/4024,536410,No,No,N/A,Synthetic prototype intervention record
EVT_000826,RD_00362,30-03-2026,Emergency_Repair,GCC Roads,Contractor_27,Pothole filling,Completed,30-03-2026,07-04-2026,GCC/ROAD/2026/5667,291703,No,No,N/A,Synthetic prototype intervention record
EVT_000827,RD_00421,04-05-2026,Resurfacing,GCC Roads,Contractor_06,Utility excavation and restoration,Completed,04-05-2026,05-05-2026,GCC/ROAD/2026/7678,711348,No,No,N/A,Synthetic prototype intervention record
EVT_000828,RD_00703,18-03-2026,Resurfacing,GCC Roads,Contractor_30,Drainage maintenance,Completed,18-03-2026,28-03-2026,GCC/ROAD/2026/7137,643813,No,No,N/A,Synthetic prototype intervention record
EVT_000829,RD_00081,02-05-2026,Road_Cutting,TANGEDCO,Contractor_24,Utility excavation and restoration,Completed,02-05-2026,03-05-2026,GCC/ROAD/2026/3374,369628,Yes,Yes,Yes,Synthetic prototype intervention record
EVT_000830,RD_00763,18-04-2026,Road_Repair,GCC Roads,Contractor_11,Surface repair and maintenance,Completed,18-04-2026,30-04-2026,GCC/ROAD/2026/1352,630467,No,No,N/A,Synthetic prototype intervention record
EVT_000831,RD_00515,19-05-2026,Road_Restoration,Chennai Metro Water,Contractor_26,Emergency road repair,Completed,19-05-2026,31-05-2026,GCC/ROAD/2026/6261,363900,No,No,N/A,Synthetic prototype intervention record
EVT_000832,RD_00962,09-08-2026,Pothole_Repair,GCC Roads,Contractor_09,Drainage maintenance,Completed,09-08-2026,10-08-2026,GCC/ROAD/2026/7807,384425,No,No,N/A,Synthetic prototype intervention record
EVT_000833,RD_00890,18-05-2026,Emergency_Repair,GCC Roads,Contractor_19,Drainage maintenance,Completed,18-05-2026,30-05-2026,GCC/ROAD/2026/8426,656318,No,No,N/A,Synthetic prototype intervention record
EVT_000834,RD_00529,30-03-2026,Road_Repair,GCC Roads,Contractor_30,Pothole filling,Completed,30-03-2026,06-04-2026,GCC/ROAD/2026/9667,150300,No,No,N/A,Synthetic prototype intervention record
EVT_000835,RD_00452,26-05-2026,Utility_Excavation,Telecom Utility,Contractor_02,Utility excavation and restoration,Completed,26-05-2026,05-06-2026,GCC/ROAD/2026/3053,110386,Yes,Yes,Yes,Synthetic prototype intervention record
EVT_000836,RD_00757,24-03-2026,Resurfacing,GCC Roads,Contractor_19,Road resurfacing,Completed,24-03-2026,28-03-2026,GCC/ROAD/2026/7791,237651,No,No,N/A,Synthetic prototype intervention record
EVT_000837,RD_00509,28-05-2026,Emergency_Repair,GCC Roads,Contractor_09,Utility excavation and restoration,Completed,28-05-2026,05-06-2026,GCC/ROAD/2026/2553,381669,No,No,N/A,Synthetic prototype intervention record
EVT_000838,RD_00194,08-04-2026,Road_Repair,GCC Roads,Contractor_14,Drainage maintenance,Completed,08-04-2026,15-04-2026,GCC/ROAD/2026/8740,220632,No,No,N/A,Synthetic prototype intervention record
EVT_000839,RD_00931,25-04-2026,Resurfacing,GCC Roads,Contractor_11,Road resurfacing,Completed,25-04-2026,26-04-2026,GCC/ROAD/2026/8494,440005,No,No,N/A,Synthetic prototype intervention record
EVT_000840,RD_00450,14-02-2026,Road_Restoration,TANGEDCO,Contractor_21,Drainage maintenance,Completed,14-02-2026,17-02-2026,GCC/ROAD/2026/3398,546613,No,No,N/A,Synthetic prototype intervention record
EVT_000841,RD_00523,15-04-2026,Road_Repair,GCC Roads,Contractor_09,Emergency road repair,Completed,15-04-2026,27-04-2026,GCC/ROAD/2026/4974,397201,No,No,N/A,Synthetic prototype intervention record
EVT_000842,RD_00427,12-04-2026,Pothole_Repair,GCC Roads,Contractor_25,Road resurfacing,Completed,12-04-2026,19-04-2026,GCC/ROAD/2026/3043,143740,No,No,N/A,Synthetic prototype intervention record
EVT_000843,RD_00069,29-05-2026,Resurfacing,GCC Roads,Contractor_25,Road resurfacing,Completed,29-05-2026,07-06-2026,GCC/ROAD/2026/8118,217422,No,No,N/A,Synthetic prototype intervention record
EVT_000844,RD_00066,02-06-2026,Construction,Telecom Utility,Contractor_30,Road resurfacing,Completed,02-06-2026,08-06-2026,GCC/ROAD/2026/4691,131373,No,No,N/A,Synthetic prototype intervention record
EVT_000845,RD_00449,02-07-2026,Road_Cutting,TANGEDCO,Contractor_30,Pothole filling,Completed,02-07-2026,10-07-2026,GCC/ROAD/2026/6154,676876,Yes,Yes,Yes,Synthetic prototype intervention record
EVT_000846,RD_00525,29-07-2026,Utility_Excavation,TANGEDCO,Contractor_15,Emergency road repair,Completed,29-07-2026,08-08-2026,GCC/ROAD/2026/7582,538517,Yes,Yes,No,Synthetic prototype intervention record
EVT_000847,RD_00690,23-04-2026,Road_Repair,GCC Roads,Contractor_29,Pothole filling,Completed,23-04-2026,25-04-2026,GCC/ROAD/2026/7767,538249,No,No,N/A,Synthetic prototype intervention record
EVT_000848,RD_00116,19-06-2026,Pothole_Repair,GCC Roads,Contractor_17,Pothole filling,Completed,19-06-2026,25-06-2026,GCC/ROAD/2026/4180,463107,No,No,N/A,Synthetic prototype intervention record
EVT_000849,RD_00155,14-05-2026,Resurfacing,GCC Roads,Contractor_16,Surface repair and maintenance,Completed,14-05-2026,27-05-2026,GCC/ROAD/2026/9296,715520,No,No,N/A,Synthetic prototype intervention record
EVT_000850,RD_00671,29-08-2026,Road_Repair,GCC Roads,Contractor_08,Drainage maintenance,Completed,29-08-2026,10-09-2026,GCC/ROAD/2026/6896,594888,No,No,N/A,Synthetic prototype intervention record
EVT_000851,RD_00274,13-06-2026,Utility_Work,Telecom Utility,Contractor_25,Surface repair and maintenance,Completed,13-06-2026,24-06-2026,GCC/ROAD/2026/3509,510750,Yes,Yes,Yes,Synthetic prototype intervention record
EVT_000852,RD_00448,15-01-2026,Utility_Excavation,TANGEDCO,Contractor_07,Road resurfacing,Completed,15-01-2026,27-01-2026,GCC/ROAD/2026/8005,657024,Yes,Yes,Yes,Synthetic prototype intervention record
EVT_000853,RD_00787,05-08-2026,Resurfacing,GCC Roads,Contractor_24,Emergency road repair,Completed,05-08-2026,18-08-2026,GCC/ROAD/2026/4094,414419,No,No,N/A,Synthetic prototype intervention record
EVT_000854,RD_00904,09-04-2026,Emergency_Repair,GCC Roads,Contractor_12,Surface repair and maintenance,Completed,09-04-2026,12-04-2026,GCC/ROAD/2026/7484,659705,No,No,N/A,Synthetic prototype intervention record
EVT_000855,RD_00205,26-03-2026,Road_Repair,GCC Roads,Contractor_13,Surface repair and maintenance,Completed,26-03-2026,28-03-2026,GCC/ROAD/2026/4634,238098,No,No,N/A,Synthetic prototype intervention record
EVT_000856,RD_00176,17-03-2026,Construction,Telecom Utility,Contractor_01,Surface repair and maintenance,Completed,17-03-2026,22-03-2026,GCC/ROAD/2026/8731,124696,No,No,N/A,Synthetic prototype intervention record
EVT_000857,RD_00262,29-01-2026,Utility_Excavation,Telecom Utility,Contractor_05,Pothole filling,Completed,29-01-2026,01-02-2026,GCC/ROAD/2026/1697,567109,Yes,Yes,Yes,Synthetic prototype intervention record
EVT_000858,RD_00642,25-08-2026,Pothole_Repair,GCC Roads,Contractor_27,Drainage maintenance,Completed,25-08-2026,03-09-2026,GCC/ROAD/2026/4286,531744,No,No,N/A,Synthetic prototype intervention record
EVT_000859,RD_00594,11-03-2026,Pothole_Repair,GCC Roads,Contractor_24,Emergency road repair,Completed,11-03-2026,19-03-2026,GCC/ROAD/2026/6144,337236,No,No,N/A,Synthetic prototype intervention record
EVT_000860,RD_00294,03-07-2026,Pothole_Repair,GCC Roads,Contractor_03,Emergency road repair,Completed,03-07-2026,10-07-2026,GCC/ROAD/2026/5220,465620,No,No,N/A,Synthetic prototype intervention record
EVT_000861,RD_00776,09-08-2026,Road_Repair,GCC Roads,Contractor_26,Emergency road repair,Completed,09-08-2026,13-08-2026,GCC/ROAD/2026/2254,297707,No,No,N/A,Synthetic prototype intervention record
EVT_000862,RD_00541,10-04-2026,Emergency_Repair,GCC Roads,Contractor_06,Surface repair and maintenance,Completed,10-04-2026,22-04-2026,GCC/ROAD/2026/3947,422156,No,No,N/A,Synthetic prototype intervention record
EVT_000863,RD_00297,04-03-2026,Road_Cutting,Chennai Metro Water,Contractor_08,Surface repair and maintenance,Completed,04-03-2026,15-03-2026,GCC/ROAD/2026/3560,523503,Yes,Yes,No,Synthetic prototype intervention record
EVT_000864,RD_00155,30-01-2026,Road_Restoration,Telecom Utility,Contractor_14,Utility excavation and restoration,Completed,30-01-2026,05-02-2026,GCC/ROAD/2026/8136,705474,No,No,N/A,Synthetic prototype intervention record
EVT_000865,RD_00613,24-01-2026,Construction,Other Utility Agency,Contractor_11,Pothole filling,Completed,24-01-2026,03-02-2026,GCC/ROAD/2026/9732,92709,No,No,N/A,Synthetic prototype intervention record
EVT_000866,RD_00788,20-03-2026,Road_Cutting,Other Utility Agency,Contractor_27,Surface repair and maintenance,Completed,20-03-2026,26-03-2026,GCC/ROAD/2026/6983,110264,Yes,Yes,Yes,Synthetic prototype intervention record
EVT_000867,RD_00089,05-08-2026,Road_Repair,GCC Roads,Contractor_19,Surface repair and maintenance,Completed,05-08-2026,19-08-2026,GCC/ROAD/2026/6652,740670,No,No,N/A,Synthetic prototype intervention record
EVT_000868,RD_00235,24-06-2026,Drainage_Work,TANGEDCO,Contractor_08,Pothole filling,Completed,24-06-2026,27-06-2026,GCC/ROAD/2026/2480,608357,No,No,N/A,Synthetic prototype intervention record
EVT_000869,RD_00412,25-08-2026,Resurfacing,GCC Roads,Contractor_18,Road resurfacing,Completed,25-08-2026,30-08-2026,GCC/ROAD/2026/6163,187594,No,No,N/A,Synthetic prototype intervention record
EVT_000870,RD_00486,10-03-2026,Resurfacing,GCC Roads,Contractor_21,Surface repair and maintenance,Completed,10-03-2026,12-03-2026,GCC/ROAD/2026/4112,144022,No,No,N/A,Synthetic prototype intervention record
EVT_000871,RD_00232,29-04-2026,Resurfacing,GCC Roads,Contractor_26,Road resurfacing,Completed,29-04-2026,08-05-2026,GCC/ROAD/2026/1913,288702,No,No,N/A,Synthetic prototype intervention record
EVT_000872,RD_00516,28-03-2026,Road_Repair,GCC Roads,Contractor_10,Utility excavation and restoration,Completed,28-03-2026,02-04-2026,GCC/ROAD/2026/5782,709283,No,No,N/A,Synthetic prototype intervention record
EVT_000873,RD_00304,01-01-2026,Road_Repair,GCC Roads,Contractor_02,Surface repair and maintenance,Completed,01-01-2026,12-01-2026,GCC/ROAD/2026/5002,228476,No,No,N/A,Synthetic prototype intervention record
EVT_000874,RD_00280,30-07-2026,Utility_Work,Chennai Metro Water,Contractor_12,Emergency road repair,Completed,30-07-2026,11-08-2026,GCC/ROAD/2026/3699,705041,Yes,Yes,Yes,Synthetic prototype intervention record
EVT_000875,RD_00234,01-02-2026,Resurfacing,GCC Roads,Contractor_13,Pothole filling,Completed,01-02-2026,06-02-2026,GCC/ROAD/2026/5878,53934,No,No,N/A,Synthetic prototype intervention record
EVT_000876,RD_00327,24-06-2026,Road_Restoration,Other Utility Agency,Contractor_02,Drainage maintenance,Completed,24-06-2026,01-07-2026,GCC/ROAD/2026/6438,489152,No,No,N/A,Synthetic prototype intervention record
EVT_000877,RD_00572,04-03-2026,Utility_Work,Other Utility Agency,Contractor_17,Road resurfacing,Completed,04-03-2026,12-03-2026,GCC/ROAD/2026/7182,706240,Yes,Yes,Yes,Synthetic prototype intervention record
EVT_000878,RD_00317,29-03-2026,Utility_Excavation,Chennai Metro Water,Contractor_25,Utility excavation and restoration,Completed,29-03-2026,30-03-2026,GCC/ROAD/2026/1733,125578,Yes,Yes,Yes,Synthetic prototype intervention record
EVT_000879,RD_00919,29-06-2026,Utility_Excavation,TANGEDCO,Contractor_07,Surface repair and maintenance,Completed,29-06-2026,05-07-2026,GCC/ROAD/2026/6264,507408,Yes,Yes,Yes,Synthetic prototype intervention record
EVT_000880,RD_00568,23-04-2026,Road_Repair,GCC Roads,Contractor_26,Pothole filling,Completed,23-04-2026,25-04-2026,GCC/ROAD/2026/1967,140414,No,No,N/A,Synthetic prototype intervention record
EVT_000881,RD_00153,15-01-2026,Utility_Excavation,Telecom Utility,Contractor_22,Surface repair and maintenance,Completed,15-01-2026,18-01-2026,GCC/ROAD/2026/4171,457553,Yes,Yes,Yes,Synthetic prototype intervention record
EVT_000882,RD_00270,29-07-2026,Road_Repair,GCC Roads,Contractor_28,Pothole filling,Completed,29-07-2026,31-07-2026,GCC/ROAD/2026/7728,490046,No,No,N/A,Synthetic prototype intervention record
EVT_000883,RD_00851,08-02-2026,Resurfacing,GCC Roads,Contractor_17,Surface repair and maintenance,Completed,08-02-2026,21-02-2026,GCC/ROAD/2026/3483,615782,No,No,N/A,Synthetic prototype intervention record
EVT_000884,RD_00188,06-01-2026,Utility_Work,Telecom Utility,Contractor_10,Surface repair and maintenance,Completed,06-01-2026,13-01-2026,GCC/ROAD/2026/8106,735046,Yes,Yes,Yes,Synthetic prototype intervention record
EVT_000885,RD_00718,07-08-2026,Resurfacing,GCC Roads,Contractor_19,Drainage maintenance,Completed,07-08-2026,15-08-2026,GCC/ROAD/2026/2325,248032,No,No,N/A,Synthetic prototype intervention record
EVT_000886,RD_00009,26-04-2026,Road_Repair,GCC Roads,Contractor_15,Utility excavation and restoration,Completed,26-04-2026,09-05-2026,GCC/ROAD/2026/3262,595055,No,No,N/A,Synthetic prototype intervention record
EVT_000887,RD_00654,11-01-2026,Road_Restoration,Chennai Metro Water,Contractor_11,Drainage maintenance,Completed,11-01-2026,24-01-2026,GCC/ROAD/2026/6063,197324,No,No,N/A,Synthetic prototype intervention record
EVT_000888,RD_00795,30-06-2026,Road_Repair,GCC Roads,Contractor_06,Drainage maintenance,Completed,30-06-2026,09-07-2026,GCC/ROAD/2026/8931,162223,No,No,N/A,Synthetic prototype intervention record
EVT_000889,RD_00991,28-01-2026,Road_Repair,GCC Roads,Contractor_27,Pothole filling,Completed,28-01-2026,29-01-2026,GCC/ROAD/2026/2974,137801,No,No,N/A,Synthetic prototype intervention record
EVT_000890,RD_00082,11-04-2026,Resurfacing,GCC Roads,Contractor_28,Utility excavation and restoration,Completed,11-04-2026,19-04-2026,GCC/ROAD/2026/9203,539965,No,No,N/A,Synthetic prototype intervention record
EVT_000891,RD_00442,30-03-2026,Utility_Excavation,TANGEDCO,Contractor_20,Drainage maintenance,Completed,30-03-2026,12-04-2026,GCC/ROAD/2026/3321,56900,Yes,Yes,Yes,Synthetic prototype intervention record
EVT_000892,RD_00596,30-05-2026,Drainage_Work,TANGEDCO,Contractor_08,Pothole filling,Completed,30-05-2026,02-06-2026,GCC/ROAD/2026/9235,223987,No,No,N/A,Synthetic prototype intervention record
EVT_000893,RD_00654,01-03-2026,Road_Repair,GCC Roads,Contractor_23,Utility excavation and restoration,Completed,01-03-2026,05-03-2026,GCC/ROAD/2026/9432,248995,No,No,N/A,Synthetic prototype intervention record
EVT_000894,RD_00146,22-04-2026,Road_Restoration,Chennai Metro Water,Contractor_27,Utility excavation and restoration,Completed,22-04-2026,06-05-2026,GCC/ROAD/2026/7012,461584,No,No,N/A,Synthetic prototype intervention record
EVT_000895,RD_00412,21-02-2026,Resurfacing,GCC Roads,Contractor_06,Emergency road repair,Completed,21-02-2026,22-02-2026,GCC/ROAD/2026/7134,493990,No,No,N/A,Synthetic prototype intervention record
EVT_000896,RD_00600,11-02-2026,Utility_Excavation,Other Utility Agency,Contractor_07,Emergency road repair,Completed,11-02-2026,19-02-2026,GCC/ROAD/2026/7566,698998,Yes,Yes,Yes,Synthetic prototype intervention record
EVT_000897,RD_00298,30-08-2026,Road_Repair,GCC Roads,Contractor_01,Surface repair and maintenance,Completed,30-08-2026,01-09-2026,GCC/ROAD/2026/8000,267304,No,No,N/A,Synthetic prototype intervention record
EVT_000898,RD_00192,14-04-2026,Utility_Excavation,Other Utility Agency,Contractor_16,Utility excavation and restoration,Completed,14-04-2026,15-04-2026,GCC/ROAD/2026/8395,668173,Yes,Yes,Yes,Synthetic prototype intervention record
EVT_000899,RD_00214,10-06-2026,Utility_Excavation,Chennai Metro Water,Contractor_20,Surface repair and maintenance,Completed,10-06-2026,16-06-2026,GCC/ROAD/2026/2166,520377,Yes,Yes,Yes,Synthetic prototype intervention record
EVT_000900,RD_00235,22-08-2026,Construction,Chennai Metro Water,Contractor_21,Drainage maintenance,Completed,22-08-2026,28-08-2026,GCC/ROAD/2026/1103,361482,No,No,N/A,Synthetic prototype intervention record
EVT_000901,RD_00198,22-04-2026,Resurfacing,GCC Roads,Contractor_22,Pothole filling,Completed,22-04-2026,06-05-2026,GCC/ROAD/2026/7466,658563,No,No,N/A,Synthetic prototype intervention record
EVT_000902,RD_00619,08-06-2026,Road_Repair,GCC Roads,Contractor_07,Road resurfacing,Completed,08-06-2026,18-06-2026,GCC/ROAD/2026/7832,729726,No,No,N/A,Synthetic prototype intervention record
EVT_000903,RD_00394,17-08-2026,Pothole_Repair,GCC Roads,Contractor_06,Utility excavation and restoration,Completed,17-08-2026,26-08-2026,GCC/ROAD/2026/1379,44247,No,No,N/A,Synthetic prototype intervention record
EVT_000904,RD_00250,13-08-2026,Road_Repair,GCC Roads,Contractor_14,Pothole filling,Completed,13-08-2026,20-08-2026,GCC/ROAD/2026/2302,475071,No,No,N/A,Synthetic prototype intervention record
EVT_000905,RD_00530,29-04-2026,Resurfacing,GCC Roads,Contractor_10,Surface repair and maintenance,Completed,29-04-2026,09-05-2026,GCC/ROAD/2026/6250,366332,No,No,N/A,Synthetic prototype intervention record
EVT_000906,RD_00653,19-05-2026,Road_Restoration,Other Utility Agency,Contractor_21,Pothole filling,Completed,19-05-2026,30-05-2026,GCC/ROAD/2026/5461,294550,No,No,N/A,Synthetic prototype intervention record
EVT_000907,RD_00199,11-01-2026,Drainage_Work,Other Utility Agency,Contractor_06,Utility excavation and restoration,Completed,11-01-2026,22-01-2026,GCC/ROAD/2026/6964,662768,No,No,N/A,Synthetic prototype intervention record
EVT_000908,RD_00231,26-05-2026,Construction,TANGEDCO,Contractor_08,Road resurfacing,Completed,26-05-2026,09-06-2026,GCC/ROAD/2026/8392,648860,No,No,N/A,Synthetic prototype intervention record
EVT_000909,RD_00116,07-02-2026,Pothole_Repair,GCC Roads,Contractor_03,Pothole filling,Completed,07-02-2026,19-02-2026,GCC/ROAD/2026/2433,637979,No,No,N/A,Synthetic prototype intervention record
EVT_000910,RD_00870,10-06-2026,Drainage_Work,Chennai Metro Water,Contractor_07,Emergency road repair,Completed,10-06-2026,19-06-2026,GCC/ROAD/2026/8990,659586,No,No,N/A,Synthetic prototype intervention record
EVT_000911,RD_00989,07-03-2026,Road_Restoration,Telecom Utility,Contractor_02,Pothole filling,Completed,07-03-2026,08-03-2026,GCC/ROAD/2026/5520,580285,No,No,N/A,Synthetic prototype intervention record
EVT_000912,RD_00554,08-08-2026,Road_Restoration,Telecom Utility,Contractor_05,Road resurfacing,Completed,08-08-2026,11-08-2026,GCC/ROAD/2026/6425,403207,No,No,N/A,Synthetic prototype intervention record
EVT_000913,RD_00119,12-08-2026,Resurfacing,GCC Roads,Contractor_28,Drainage maintenance,Completed,12-08-2026,19-08-2026,GCC/ROAD/2026/7359,155791,No,No,N/A,Synthetic prototype intervention record
EVT_000914,RD_00235,08-07-2026,Utility_Excavation,TANGEDCO,Contractor_14,Utility excavation and restoration,Completed,08-07-2026,14-07-2026,GCC/ROAD/2026/1216,96439,Yes,Yes,Yes,Synthetic prototype intervention record
EVT_000915,RD_00669,29-03-2026,Construction,Telecom Utility,Contractor_08,Emergency road repair,Completed,29-03-2026,01-04-2026,GCC/ROAD/2026/2041,111045,No,No,N/A,Synthetic prototype intervention record
EVT_000916,RD_00450,11-07-2026,Pothole_Repair,GCC Roads,Contractor_28,Pothole filling,Completed,11-07-2026,12-07-2026,GCC/ROAD/2026/3144,436679,No,No,N/A,Synthetic prototype intervention record
EVT_000917,RD_00729,09-05-2026,Road_Restoration,Telecom Utility,Contractor_04,Emergency road repair,Completed,09-05-2026,19-05-2026,GCC/ROAD/2026/5178,333101,No,No,N/A,Synthetic prototype intervention record
EVT_000918,RD_00476,07-07-2026,Drainage_Work,Chennai Metro Water,Contractor_25,Pothole filling,Completed,07-07-2026,12-07-2026,GCC/ROAD/2026/9878,530020,No,No,N/A,Synthetic prototype intervention record
EVT_000919,RD_00249,02-03-2026,Utility_Excavation,TANGEDCO,Contractor_23,Road resurfacing,Completed,02-03-2026,15-03-2026,GCC/ROAD/2026/7257,458680,Yes,Yes,Yes,Synthetic prototype intervention record
EVT_000920,RD_00945,23-08-2026,Road_Restoration,Telecom Utility,Contractor_06,Emergency road repair,Completed,23-08-2026,05-09-2026,GCC/ROAD/2026/5865,117433,No,No,N/A,Synthetic prototype intervention record
EVT_000921,RD_00949,18-03-2026,Road_Restoration,Other Utility Agency,Contractor_27,Drainage maintenance,Completed,18-03-2026,24-03-2026,GCC/ROAD/2026/8480,378236,No,No,N/A,Synthetic prototype intervention record
EVT_000922,RD_00321,19-03-2026,Resurfacing,GCC Roads,Contractor_10,Pothole filling,Completed,19-03-2026,24-03-2026,GCC/ROAD/2026/1868,582117,No,No,N/A,Synthetic prototype intervention record
EVT_000923,RD_00681,06-02-2026,Pothole_Repair,GCC Roads,Contractor_23,Utility excavation and restoration,Completed,06-02-2026,16-02-2026,GCC/ROAD/2026/8095,302955,No,No,N/A,Synthetic prototype intervention record
EVT_000924,RD_00919,03-08-2026,Road_Repair,GCC Roads,Contractor_20,Pothole filling,Completed,03-08-2026,10-08-2026,GCC/ROAD/2026/1792,300029,No,No,N/A,Synthetic prototype intervention record
EVT_000925,RD_00935,11-07-2026,Emergency_Repair,GCC Roads,Contractor_15,Surface repair and maintenance,Completed,11-07-2026,16-07-2026,GCC/ROAD/2026/8067,666938,No,No,N/A,Synthetic prototype intervention record
EVT_000926,RD_00047,03-01-2026,Pothole_Repair,GCC Roads,Contractor_16,Surface repair and maintenance,Completed,03-01-2026,17-01-2026,GCC/ROAD/2026/9792,500032,No,No,N/A,Synthetic prototype intervention record
EVT_000927,RD_00750,07-02-2026,Resurfacing,GCC Roads,Contractor_11,Road resurfacing,Completed,07-02-2026,18-02-2026,GCC/ROAD/2026/2334,311626,No,No,N/A,Synthetic prototype intervention record
EVT_000928,RD_00600,13-06-2026,Drainage_Work,Telecom Utility,Contractor_08,Utility excavation and restoration,Completed,13-06-2026,27-06-2026,GCC/ROAD/2026/9493,153429,No,No,N/A,Synthetic prototype intervention record
EVT_000929,RD_00581,02-03-2026,Road_Repair,GCC Roads,Contractor_11,Pothole filling,Completed,02-03-2026,15-03-2026,GCC/ROAD/2026/9278,31936,No,No,N/A,Synthetic prototype intervention record
EVT_000930,RD_00293,15-05-2026,Drainage_Work,Chennai Metro Water,Contractor_02,Pothole filling,Completed,15-05-2026,25-05-2026,GCC/ROAD/2026/3130,26246,No,No,N/A,Synthetic prototype intervention record
EVT_000931,RD_00097,23-05-2026,Road_Cutting,Telecom Utility,Contractor_14,Surface repair and maintenance,Completed,23-05-2026,02-06-2026,GCC/ROAD/2026/3986,355499,Yes,Yes,Yes,Synthetic prototype intervention record
EVT_000932,RD_00183,09-05-2026,Utility_Excavation,Chennai Metro Water,Contractor_08,Emergency road repair,Completed,09-05-2026,13-05-2026,GCC/ROAD/2026/8950,503530,Yes,Yes,Yes,Synthetic prototype intervention record
EVT_000933,RD_00401,17-01-2026,Road_Cutting,TANGEDCO,Contractor_20,Pothole filling,Completed,17-01-2026,25-01-2026,GCC/ROAD/2026/1342,421458,Yes,Yes,Yes,Synthetic prototype intervention record
EVT_000934,RD_00143,31-03-2026,Resurfacing,GCC Roads,Contractor_27,Drainage maintenance,Completed,31-03-2026,09-04-2026,GCC/ROAD/2026/3195,436950,No,No,N/A,Synthetic prototype intervention record
EVT_000935,RD_00737,10-04-2026,Road_Restoration,Chennai Metro Water,Contractor_06,Road resurfacing,Completed,10-04-2026,17-04-2026,GCC/ROAD/2026/9417,168987,No,No,N/A,Synthetic prototype intervention record
EVT_000936,RD_00902,14-03-2026,Drainage_Work,Other Utility Agency,Contractor_29,Emergency road repair,Completed,14-03-2026,19-03-2026,GCC/ROAD/2026/2427,188810,No,No,N/A,Synthetic prototype intervention record
EVT_000937,RD_00380,06-08-2026,Resurfacing,GCC Roads,Contractor_10,Drainage maintenance,Completed,06-08-2026,18-08-2026,GCC/ROAD/2026/7313,236250,No,No,N/A,Synthetic prototype intervention record
EVT_000938,RD_00238,01-07-2026,Resurfacing,GCC Roads,Contractor_29,Drainage maintenance,Completed,01-07-2026,08-07-2026,GCC/ROAD/2026/1845,76109,No,No,N/A,Synthetic prototype intervention record
EVT_000939,RD_00207,23-01-2026,Utility_Excavation,Telecom Utility,Contractor_18,Pothole filling,Completed,23-01-2026,01-02-2026,GCC/ROAD/2026/3870,647752,Yes,Yes,Yes,Synthetic prototype intervention record
EVT_000940,RD_00052,09-05-2026,Utility_Excavation,Telecom Utility,Contractor_13,Drainage maintenance,Completed,09-05-2026,21-05-2026,GCC/ROAD/2026/4861,104226,Yes,Yes,Yes,Synthetic prototype intervention record
EVT_000941,RD_00699,11-02-2026,Road_Repair,GCC Roads,Contractor_12,Surface repair and maintenance,Completed,11-02-2026,23-02-2026,GCC/ROAD/2026/2795,342570,No,No,N/A,Synthetic prototype intervention record
EVT_000942,RD_00574,07-05-2026,Road_Repair,GCC Roads,Contractor_06,Emergency road repair,Completed,07-05-2026,12-05-2026,GCC/ROAD/2026/7564,115594,No,No,N/A,Synthetic prototype intervention record
EVT_000943,RD_00789,15-07-2026,Pothole_Repair,GCC Roads,Contractor_02,Surface repair and maintenance,Completed,15-07-2026,29-07-2026,GCC/ROAD/2026/2640,530822,No,No,N/A,Synthetic prototype intervention record
EVT_000944,RD_00379,20-06-2026,Resurfacing,GCC Roads,Contractor_02,Drainage maintenance,Completed,20-06-2026,30-06-2026,GCC/ROAD/2026/7728,157297,No,No,N/A,Synthetic prototype intervention record
EVT_000945,RD_00987,31-08-2026,Utility_Work,Chennai Metro Water,Contractor_06,Pothole filling,Completed,31-08-2026,10-09-2026,GCC/ROAD/2026/7481,397090,Yes,Yes,Yes,Synthetic prototype intervention record
EVT_000946,RD_00025,05-07-2026,Utility_Work,Telecom Utility,Contractor_08,Road resurfacing,Completed,05-07-2026,18-07-2026,GCC/ROAD/2026/1811,172547,Yes,Yes,Yes,Synthetic prototype intervention record
EVT_000947,RD_00431,14-04-2026,Road_Restoration,TANGEDCO,Contractor_23,Pothole filling,Completed,14-04-2026,26-04-2026,GCC/ROAD/2026/8569,59350,No,No,N/A,Synthetic prototype intervention record
EVT_000948,RD_00632,15-08-2026,Road_Repair,GCC Roads,Contractor_14,Emergency road repair,Completed,15-08-2026,17-08-2026,GCC/ROAD/2026/5791,154447,No,No,N/A,Synthetic prototype intervention record
EVT_000949,RD_00406,08-01-2026,Utility_Work,Chennai Metro Water,Contractor_30,Surface repair and maintenance,Completed,08-01-2026,15-01-2026,GCC/ROAD/2026/4797,317197,Yes,Yes,Yes,Synthetic prototype intervention record
EVT_000950,RD_00933,14-03-2026,Drainage_Work,Chennai Metro Water,Contractor_02,Surface repair and maintenance,Completed,14-03-2026,15-03-2026,GCC/ROAD/2026/9210,220809,No,No,N/A,Synthetic prototype intervention record
EVT_000951,RD_00255,07-04-2026,Emergency_Repair,GCC Roads,Contractor_17,Drainage maintenance,Completed,07-04-2026,09-04-2026,GCC/ROAD/2026/1884,558454,No,No,N/A,Synthetic prototype intervention record
EVT_000952,RD_00740,14-02-2026,Pothole_Repair,GCC Roads,Contractor_26,Emergency road repair,Completed,14-02-2026,25-02-2026,GCC/ROAD/2026/7656,661193,No,No,N/A,Synthetic prototype intervention record
EVT_000953,RD_00096,17-01-2026,Road_Cutting,Telecom Utility,Contractor_22,Drainage maintenance,Completed,17-01-2026,20-01-2026,GCC/ROAD/2026/9136,104519,Yes,Yes,Yes,Synthetic prototype intervention record
EVT_000954,RD_00465,03-05-2026,Resurfacing,GCC Roads,Contractor_16,Road resurfacing,Completed,03-05-2026,14-05-2026,GCC/ROAD/2026/8455,556764,No,No,N/A,Synthetic prototype intervention record
EVT_000955,RD_00832,04-06-2026,Road_Repair,GCC Roads,Contractor_22,Utility excavation and restoration,Completed,04-06-2026,18-06-2026,GCC/ROAD/2026/7541,75403,No,No,N/A,Synthetic prototype intervention record
EVT_000956,RD_00863,22-08-2026,Road_Repair,GCC Roads,Contractor_22,Road resurfacing,Completed,22-08-2026,04-09-2026,GCC/ROAD/2026/4096,290915,No,No,N/A,Synthetic prototype intervention record
EVT_000957,RD_00846,22-04-2026,Pothole_Repair,GCC Roads,Contractor_11,Drainage maintenance,Completed,22-04-2026,25-04-2026,GCC/ROAD/2026/7622,379143,No,No,N/A,Synthetic prototype intervention record
EVT_000958,RD_00855,01-08-2026,Road_Repair,GCC Roads,Contractor_29,Surface repair and maintenance,Completed,01-08-2026,11-08-2026,GCC/ROAD/2026/4772,338231,No,No,N/A,Synthetic prototype intervention record
EVT_000959,RD_00961,10-01-2026,Road_Restoration,TANGEDCO,Contractor_06,Road resurfacing,Completed,10-01-2026,14-01-2026,GCC/ROAD/2026/6231,741733,No,No,N/A,Synthetic prototype intervention record
EVT_000960,RD_00301,18-03-2026,Utility_Work,Other Utility Agency,Contractor_29,Utility excavation and restoration,Completed,18-03-2026,31-03-2026,GCC/ROAD/2026/6142,559636,Yes,Yes,Yes,Synthetic prototype intervention record
EVT_000961,RD_00707,17-01-2026,Road_Repair,GCC Roads,Contractor_17,Utility excavation and restoration,Completed,17-01-2026,20-01-2026,GCC/ROAD/2026/1144,469468,No,No,N/A,Synthetic prototype intervention record
EVT_000962,RD_00403,03-08-2026,Road_Repair,GCC Roads,Contractor_30,Road resurfacing,Completed,03-08-2026,17-08-2026,GCC/ROAD/2026/6536,51682,No,No,N/A,Synthetic prototype intervention record
EVT_000963,RD_00587,12-02-2026,Utility_Excavation,Other Utility Agency,Contractor_24,Utility excavation and restoration,Completed,12-02-2026,20-02-2026,GCC/ROAD/2026/4135,275170,Yes,Yes,Yes,Synthetic prototype intervention record
EVT_000964,RD_00025,02-08-2026,Resurfacing,GCC Roads,Contractor_20,Road resurfacing,Completed,02-08-2026,14-08-2026,GCC/ROAD/2026/3219,469407,No,No,N/A,Synthetic prototype intervention record
EVT_000965,RD_00788,04-01-2026,Road_Restoration,Other Utility Agency,Contractor_07,Pothole filling,Completed,04-01-2026,14-01-2026,GCC/ROAD/2026/5551,664926,No,No,N/A,Synthetic prototype intervention record
EVT_000966,RD_00159,23-08-2026,Utility_Work,TANGEDCO,Contractor_15,Emergency road repair,Completed,23-08-2026,01-09-2026,GCC/ROAD/2026/9793,170217,Yes,Yes,Yes,Synthetic prototype intervention record
EVT_000967,RD_00183,30-06-2026,Resurfacing,GCC Roads,Contractor_02,Drainage maintenance,Completed,30-06-2026,04-07-2026,GCC/ROAD/2026/3793,689154,No,No,N/A,Synthetic prototype intervention record
EVT_000968,RD_00546,14-07-2026,Utility_Excavation,Chennai Metro Water,Contractor_07,Utility excavation and restoration,Completed,14-07-2026,16-07-2026,GCC/ROAD/2026/6274,330285,Yes,Yes,Yes,Synthetic prototype intervention record
EVT_000969,RD_00188,06-04-2026,Road_Cutting,Telecom Utility,Contractor_16,Emergency road repair,Completed,06-04-2026,16-04-2026,GCC/ROAD/2026/2507,448090,Yes,Yes,Yes,Synthetic prototype intervention record
EVT_000970,RD_00345,04-07-2026,Road_Repair,GCC Roads,Contractor_03,Drainage maintenance,Completed,04-07-2026,15-07-2026,GCC/ROAD/2026/3124,682892,No,No,N/A,Synthetic prototype intervention record
EVT_000971,RD_00664,02-02-2026,Emergency_Repair,GCC Roads,Contractor_11,Surface repair and maintenance,Completed,02-02-2026,07-02-2026,GCC/ROAD/2026/4056,347472,No,No,N/A,Synthetic prototype intervention record
EVT_000972,RD_00898,18-03-2026,Pothole_Repair,GCC Roads,Contractor_23,Pothole filling,Completed,18-03-2026,28-03-2026,GCC/ROAD/2026/5705,66541,No,No,N/A,Synthetic prototype intervention record
EVT_000973,RD_00165,24-02-2026,Resurfacing,GCC Roads,Contractor_29,Pothole filling,Completed,24-02-2026,26-02-2026,GCC/ROAD/2026/7547,716797,No,No,N/A,Synthetic prototype intervention record
EVT_000974,RD_00825,01-04-2026,Resurfacing,GCC Roads,Contractor_03,Surface repair and maintenance,Completed,01-04-2026,07-04-2026,GCC/ROAD/2026/5680,327393,No,No,N/A,Synthetic prototype intervention record
EVT_000975,RD_00292,06-06-2026,Road_Repair,GCC Roads,Contractor_27,Drainage maintenance,Completed,06-06-2026,16-06-2026,GCC/ROAD/2026/8357,471775,No,No,N/A,Synthetic prototype intervention record
EVT_000976,RD_00591,14-03-2026,Utility_Work,Other Utility Agency,Contractor_08,Emergency road repair,Completed,14-03-2026,26-03-2026,GCC/ROAD/2026/6328,545573,Yes,Yes,Yes,Synthetic prototype intervention record
EVT_000977,RD_00206,31-03-2026,Road_Repair,GCC Roads,Contractor_21,Drainage maintenance,Completed,31-03-2026,04-04-2026,GCC/ROAD/2026/7521,121077,No,No,N/A,Synthetic prototype intervention record
EVT_000978,RD_00489,01-08-2026,Utility_Work,TANGEDCO,Contractor_03,Emergency road repair,Completed,01-08-2026,06-08-2026,GCC/ROAD/2026/3428,153820,Yes,Yes,Yes,Synthetic prototype intervention record
EVT_000979,RD_00735,28-07-2026,Resurfacing,GCC Roads,Contractor_04,Pothole filling,Completed,28-07-2026,02-08-2026,GCC/ROAD/2026/8290,624062,No,No,N/A,Synthetic prototype intervention record
EVT_000980,RD_00467,19-04-2026,Utility_Excavation,Chennai Metro Water,Contractor_06,Drainage maintenance,Completed,19-04-2026,26-04-2026,GCC/ROAD/2026/1372,666165,Yes,Yes,Yes,Synthetic prototype intervention record
EVT_000981,RD_00356,28-03-2026,Emergency_Repair,GCC Roads,Contractor_09,Road resurfacing,Completed,28-03-2026,04-04-2026,GCC/ROAD/2026/9487,542376,No,No,N/A,Synthetic prototype intervention record
EVT_000982,RD_00229,22-04-2026,Utility_Excavation,Chennai Metro Water,Contractor_28,Pothole filling,Completed,22-04-2026,30-04-2026,GCC/ROAD/2026/8487,69365,Yes,Yes,Yes,Synthetic prototype intervention record
EVT_000983,RD_00211,20-01-2026,Emergency_Repair,GCC Roads,Contractor_24,Surface repair and maintenance,Completed,20-01-2026,03-02-2026,GCC/ROAD/2026/2894,191643,No,No,N/A,Synthetic prototype intervention record
EVT_000984,RD_00470,07-02-2026,Road_Restoration,Chennai Metro Water,Contractor_06,Surface repair and maintenance,Completed,07-02-2026,15-02-2026,GCC/ROAD/2026/2196,219484,No,No,N/A,Synthetic prototype intervention record
EVT_000985,RD_00092,30-03-2026,Resurfacing,GCC Roads,Contractor_27,Road resurfacing,Completed,30-03-2026,12-04-2026,GCC/ROAD/2026/5229,419292,No,No,N/A,Synthetic prototype intervention record
EVT_000986,RD_00236,01-07-2026,Resurfacing,GCC Roads,Contractor_04,Drainage maintenance,Completed,01-07-2026,07-07-2026,GCC/ROAD/2026/6019,207274,No,No,N/A,Synthetic prototype intervention record
EVT_000987,RD_00482,02-01-2026,Drainage_Work,Other Utility Agency,Contractor_29,Pothole filling,Completed,02-01-2026,09-01-2026,GCC/ROAD/2026/3459,464984,No,No,N/A,Synthetic prototype intervention record
EVT_000988,RD_00952,01-05-2026,Utility_Work,Other Utility Agency,Contractor_29,Pothole filling,Completed,01-05-2026,10-05-2026,GCC/ROAD/2026/7267,401363,Yes,Yes,Yes,Synthetic prototype intervention record
EVT_000989,RD_00583,29-06-2026,Resurfacing,GCC Roads,Contractor_02,Road resurfacing,Completed,29-06-2026,10-07-2026,GCC/ROAD/2026/3453,224309,No,No,N/A,Synthetic prototype intervention record
EVT_000990,RD_00818,10-01-2026,Road_Repair,GCC Roads,Contractor_09,Surface repair and maintenance,Completed,10-01-2026,22-01-2026,GCC/ROAD/2026/9334,252045,No,No,N/A,Synthetic prototype intervention record
EVT_000991,RD_00340,01-04-2026,Utility_Excavation,Other Utility Agency,Contractor_11,Emergency road repair,Completed,01-04-2026,15-04-2026,GCC/ROAD/2026/3800,83056,Yes,Yes,Yes,Synthetic prototype intervention record
EVT_000992,RD_00909,10-06-2026,Utility_Excavation,Telecom Utility,Contractor_09,Emergency road repair,Completed,10-06-2026,24-06-2026,GCC/ROAD/2026/2919,295319,Yes,Yes,No,Synthetic prototype intervention record
EVT_000993,RD_00879,15-08-2026,Road_Repair,GCC Roads,Contractor_18,Surface repair and maintenance,Completed,15-08-2026,25-08-2026,GCC/ROAD/2026/4656,38238,No,No,N/A,Synthetic prototype intervention record
EVT_000994,RD_00699,07-07-2026,Road_Repair,GCC Roads,Contractor_15,Road resurfacing,Completed,07-07-2026,20-07-2026,GCC/ROAD/2026/7132,688889,No,No,N/A,Synthetic prototype intervention record
EVT_000995,RD_00882,19-03-2026,Drainage_Work,Chennai Metro Water,Contractor_20,Utility excavation and restoration,Completed,19-03-2026,25-03-2026,GCC/ROAD/2026/7636,463269,No,No,N/A,Synthetic prototype intervention record
EVT_000996,RD_00792,25-08-2026,Road_Repair,GCC Roads,Contractor_02,Surface repair and maintenance,Completed,25-08-2026,26-08-2026,GCC/ROAD/2026/5177,329496,No,No,N/A,Synthetic prototype intervention record
EVT_000997,RD_00773,22-06-2026,Construction,Other Utility Agency,Contractor_28,Pothole filling,Completed,22-06-2026,30-06-2026,GCC/ROAD/2026/1306,544226,No,No,N/A,Synthetic prototype intervention record
EVT_000998,RD_00178,25-02-2026,Road_Repair,GCC Roads,Contractor_26,Road resurfacing,Completed,25-02-2026,09-03-2026,GCC/ROAD/2026/8144,380947,No,No,N/A,Synthetic prototype intervention record
EVT_000999,RD_00832,03-03-2026,Pothole_Repair,GCC Roads,Contractor_24,Pothole filling,Completed,03-03-2026,12-03-2026,GCC/ROAD/2026/4477,596027,No,No,N/A,Synthetic prototype intervention record
EVT_001000,RD_00241,22-06-2026,Resurfacing,GCC Roads,Contractor_17,Utility excavation and restoration,Completed,22-06-2026,25-06-2026,GCC/ROAD/2026/4287,70186,No,No,N/A,Synthetic prototype intervention record
EVT_001001,RD_00713,18-06-2026,Pothole_Repair,GCC Roads,Contractor_27,Utility excavation and restoration,Completed,18-06-2026,21-06-2026,GCC/ROAD/2026/6025,68407,No,No,N/A,Synthetic prototype intervention record
EVT_001002,RD_00344,10-04-2026,Road_Cutting,Other Utility Agency,Contractor_09,Utility excavation and restoration,Completed,10-04-2026,23-04-2026,GCC/ROAD/2026/9988,335975,Yes,Yes,Yes,Synthetic prototype intervention record
EVT_001003,RD_00059,29-06-2026,Road_Repair,GCC Roads,Contractor_17,Emergency road repair,Completed,29-06-2026,11-07-2026,GCC/ROAD/2026/1744,491497,No,No,N/A,Synthetic prototype intervention record
EVT_001004,RD_00988,22-03-2026,Road_Repair,GCC Roads,Contractor_09,Utility excavation and restoration,Completed,22-03-2026,05-04-2026,GCC/ROAD/2026/2743,502448,No,No,N/A,Synthetic prototype intervention record
EVT_001005,RD_00072,30-05-2026,Road_Cutting,Telecom Utility,Contractor_04,Surface repair and maintenance,Completed,30-05-2026,04-06-2026,GCC/ROAD/2026/2738,657306,Yes,Yes,Yes,Synthetic prototype intervention record
EVT_001006,RD_00561,02-02-2026,Drainage_Work,TANGEDCO,Contractor_30,Drainage maintenance,Completed,02-02-2026,12-02-2026,GCC/ROAD/2026/3868,193143,No,No,N/A,Synthetic prototype intervention record
EVT_001007,RD_00141,06-02-2026,Pothole_Repair,GCC Roads,Contractor_06,Pothole filling,Completed,06-02-2026,07-02-2026,GCC/ROAD/2026/2189,148905,No,No,N/A,Synthetic prototype intervention record
EVT_001008,RD_00803,21-04-2026,Road_Restoration,Other Utility Agency,Contractor_05,Road resurfacing,Completed,21-04-2026,27-04-2026,GCC/ROAD/2026/2256,465927,No,No,N/A,Synthetic prototype intervention record
EVT_001009,RD_00127,12-04-2026,Resurfacing,GCC Roads,Contractor_21,Road resurfacing,Completed,12-04-2026,17-04-2026,GCC/ROAD/2026/3926,261162,No,No,N/A,Synthetic prototype intervention record
EVT_001010,RD_00854,18-02-2026,Road_Repair,GCC Roads,Contractor_13,Surface repair and maintenance,Completed,18-02-2026,27-02-2026,GCC/ROAD/2026/6768,240462,No,No,N/A,Synthetic prototype intervention record
EVT_001011,RD_00278,10-04-2026,Road_Repair,GCC Roads,Contractor_28,Surface repair and maintenance,Completed,10-04-2026,19-04-2026,GCC/ROAD/2026/1946,62639,No,No,N/A,Synthetic prototype intervention record
EVT_001012,RD_00555,07-04-2026,Pothole_Repair,GCC Roads,Contractor_29,Drainage maintenance,Completed,07-04-2026,17-04-2026,GCC/ROAD/2026/6503,593235,No,No,N/A,Synthetic prototype intervention record
EVT_001013,RD_00089,03-02-2026,Resurfacing,GCC Roads,Contractor_12,Drainage maintenance,Completed,03-02-2026,13-02-2026,GCC/ROAD/2026/6469,472928,No,No,N/A,Synthetic prototype intervention record
EVT_001014,RD_00603,12-06-2026,Road_Restoration,Chennai Metro Water,Contractor_04,Drainage maintenance,Completed,12-06-2026,18-06-2026,GCC/ROAD/2026/7446,276160,No,No,N/A,Synthetic prototype intervention record
EVT_001015,RD_00130,17-05-2026,Construction,Chennai Metro Water,Contractor_14,Surface repair and maintenance,Completed,17-05-2026,29-05-2026,GCC/ROAD/2026/6767,554700,No,No,N/A,Synthetic prototype intervention record
EVT_001016,RD_00689,18-05-2026,Construction,Chennai Metro Water,Contractor_04,Pothole filling,Completed,18-05-2026,26-05-2026,GCC/ROAD/2026/7747,66105,No,No,N/A,Synthetic prototype intervention record
EVT_001017,RD_00680,28-01-2026,Construction,TANGEDCO,Contractor_06,Utility excavation and restoration,Completed,28-01-2026,07-02-2026,GCC/ROAD/2026/7073,550100,No,No,N/A,Synthetic prototype intervention record
EVT_001018,RD_00032,25-01-2026,Road_Cutting,TANGEDCO,Contractor_27,Surface repair and maintenance,Completed,25-01-2026,31-01-2026,GCC/ROAD/2026/3575,340127,Yes,Yes,Yes,Synthetic prototype intervention record
EVT_001019,RD_00112,26-08-2026,Resurfacing,GCC Roads,Contractor_04,Utility excavation and restoration,Completed,26-08-2026,27-08-2026,GCC/ROAD/2026/9105,206637,No,No,N/A,Synthetic prototype intervention record
EVT_001020,RD_00222,03-01-2026,Drainage_Work,TANGEDCO,Contractor_20,Pothole filling,Completed,03-01-2026,04-01-2026,GCC/ROAD/2026/4389,72656,No,No,N/A,Synthetic prototype intervention record
EVT_001021,RD_00633,14-01-2026,Emergency_Repair,GCC Roads,Contractor_22,Road resurfacing,Completed,14-01-2026,28-01-2026,GCC/ROAD/2026/6425,437039,No,No,N/A,Synthetic prototype intervention record
EVT_001022,RD_00509,24-02-2026,Emergency_Repair,GCC Roads,Contractor_22,Pothole filling,Completed,24-02-2026,10-03-2026,GCC/ROAD/2026/6788,178713,No,No,N/A,Synthetic prototype intervention record
EVT_001023,RD_00872,29-06-2026,Road_Restoration,Telecom Utility,Contractor_04,Surface repair and maintenance,Completed,29-06-2026,01-07-2026,GCC/ROAD/2026/3261,91267,No,No,N/A,Synthetic prototype intervention record
EVT_001024,RD_00453,04-06-2026,Drainage_Work,TANGEDCO,Contractor_10,Emergency road repair,Completed,04-06-2026,18-06-2026,GCC/ROAD/2026/2968,323270,No,No,N/A,Synthetic prototype intervention record
EVT_001025,RD_00475,18-01-2026,Resurfacing,GCC Roads,Contractor_23,Utility excavation and restoration,Completed,18-01-2026,31-01-2026,GCC/ROAD/2026/3153,726404,No,No,N/A,Synthetic prototype intervention record
EVT_001026,RD_00023,21-08-2026,Utility_Work,Chennai Metro Water,Contractor_14,Road resurfacing,Completed,21-08-2026,22-08-2026,GCC/ROAD/2026/4895,329015,Yes,Yes,Yes,Synthetic prototype intervention record
EVT_001027,RD_00291,19-02-2026,Pothole_Repair,GCC Roads,Contractor_20,Surface repair and maintenance,Completed,19-02-2026,25-02-2026,GCC/ROAD/2026/1318,298265,No,No,N/A,Synthetic prototype intervention record
EVT_001028,RD_00728,18-03-2026,Utility_Excavation,TANGEDCO,Contractor_22,Drainage maintenance,Completed,18-03-2026,22-03-2026,GCC/ROAD/2026/6519,78803,Yes,Yes,Yes,Synthetic prototype intervention record
EVT_001029,RD_00841,03-03-2026,Utility_Work,Telecom Utility,Contractor_27,Pothole filling,Completed,03-03-2026,12-03-2026,GCC/ROAD/2026/6897,366392,Yes,Yes,Yes,Synthetic prototype intervention record
EVT_001030,RD_00374,07-04-2026,Utility_Excavation,TANGEDCO,Contractor_11,Surface repair and maintenance,Completed,07-04-2026,12-04-2026,GCC/ROAD/2026/7220,560556,Yes,Yes,Yes,Synthetic prototype intervention record
EVT_001031,RD_00925,03-01-2026,Road_Cutting,Telecom Utility,Contractor_11,Pothole filling,Completed,03-01-2026,08-01-2026,GCC/ROAD/2026/2684,388801,Yes,Yes,Yes,Synthetic prototype intervention record
EVT_001032,RD_00666,22-02-2026,Utility_Excavation,TANGEDCO,Contractor_28,Emergency road repair,Completed,22-02-2026,06-03-2026,GCC/ROAD/2026/4363,76357,Yes,Yes,Yes,Synthetic prototype intervention record
EVT_001033,RD_00542,07-02-2026,Pothole_Repair,GCC Roads,Contractor_10,Emergency road repair,Completed,07-02-2026,10-02-2026,GCC/ROAD/2026/7867,94468,No,No,N/A,Synthetic prototype intervention record
EVT_001034,RD_00129,17-03-2026,Resurfacing,GCC Roads,Contractor_07,Road resurfacing,Completed,17-03-2026,25-03-2026,GCC/ROAD/2026/3838,287418,No,No,N/A,Synthetic prototype intervention record
EVT_001035,RD_00823,10-05-2026,Road_Repair,GCC Roads,Contractor_20,Drainage maintenance,Completed,10-05-2026,15-05-2026,GCC/ROAD/2026/7871,394501,No,No,N/A,Synthetic prototype intervention record
EVT_001036,RD_00333,23-01-2026,Resurfacing,GCC Roads,Contractor_05,Drainage maintenance,Completed,23-01-2026,03-02-2026,GCC/ROAD/2026/4028,465601,No,No,N/A,Synthetic prototype intervention record
EVT_001037,RD_00439,30-04-2026,Road_Repair,GCC Roads,Contractor_10,Road resurfacing,Completed,30-04-2026,11-05-2026,GCC/ROAD/2026/1439,236548,No,No,N/A,Synthetic prototype intervention record
EVT_001038,RD_00589,19-01-2026,Road_Repair,GCC Roads,Contractor_03,Surface repair and maintenance,Completed,19-01-2026,24-01-2026,GCC/ROAD/2026/6303,631189,No,No,N/A,Synthetic prototype intervention record
EVT_001039,RD_00140,15-08-2026,Utility_Excavation,TANGEDCO,Contractor_07,Pothole filling,Completed,15-08-2026,22-08-2026,GCC/ROAD/2026/3820,725002,Yes,Yes,No,Synthetic prototype intervention record
EVT_001040,RD_00354,16-07-2026,Road_Repair,GCC Roads,Contractor_20,Pothole filling,Completed,16-07-2026,21-07-2026,GCC/ROAD/2026/9552,146887,No,No,N/A,Synthetic prototype intervention record
EVT_001041,RD_00260,12-05-2026,Pothole_Repair,GCC Roads,Contractor_03,Surface repair and maintenance,Completed,12-05-2026,18-05-2026,GCC/ROAD/2026/3922,624345,No,No,N/A,Synthetic prototype intervention record
EVT_001042,RD_00353,27-06-2026,Pothole_Repair,GCC Roads,Contractor_18,Road resurfacing,Completed,27-06-2026,07-07-2026,GCC/ROAD/2026/7992,447641,No,No,N/A,Synthetic prototype intervention record
EVT_001043,RD_00265,08-08-2026,Road_Cutting,Telecom Utility,Contractor_28,Emergency road repair,Completed,08-08-2026,15-08-2026,GCC/ROAD/2026/5934,158056,Yes,Yes,No,Synthetic prototype intervention record
EVT_001044,RD_00046,03-01-2026,Construction,Other Utility Agency,Contractor_01,Emergency road repair,Completed,03-01-2026,09-01-2026,GCC/ROAD/2026/4850,589764,No,No,N/A,Synthetic prototype intervention record
EVT_001045,RD_00181,08-04-2026,Road_Repair,GCC Roads,Contractor_09,Pothole filling,Completed,08-04-2026,19-04-2026,GCC/ROAD/2026/8956,462134,No,No,N/A,Synthetic prototype intervention record
EVT_001046,RD_00139,29-08-2026,Road_Restoration,Telecom Utility,Contractor_21,Road resurfacing,Completed,29-08-2026,05-09-2026,GCC/ROAD/2026/3047,84294,No,No,N/A,Synthetic prototype intervention record
EVT_001047,RD_00772,10-01-2026,Road_Repair,GCC Roads,Contractor_23,Drainage maintenance,Completed,10-01-2026,12-01-2026,GCC/ROAD/2026/8959,270771,No,No,N/A,Synthetic prototype intervention record
EVT_001048,RD_00620,16-05-2026,Pothole_Repair,GCC Roads,Contractor_03,Emergency road repair,Completed,16-05-2026,22-05-2026,GCC/ROAD/2026/5490,434714,No,No,N/A,Synthetic prototype intervention record
EVT_001049,RD_00903,15-06-2026,Resurfacing,GCC Roads,Contractor_03,Pothole filling,Completed,15-06-2026,18-06-2026,GCC/ROAD/2026/9012,537395,No,No,N/A,Synthetic prototype intervention record
EVT_001050,RD_00439,02-07-2026,Road_Repair,GCC Roads,Contractor_11,Surface repair and maintenance,Completed,02-07-2026,04-07-2026,GCC/ROAD/2026/7250,54079,No,No,N/A,Synthetic prototype intervention record
EVT_001051,RD_00260,20-03-2026,Utility_Excavation,Chennai Metro Water,Contractor_06,Pothole filling,Completed,20-03-2026,21-03-2026,GCC/ROAD/2026/8440,682137,Yes,Yes,Yes,Synthetic prototype intervention record
EVT_001052,RD_00330,24-02-2026,Resurfacing,GCC Roads,Contractor_22,Road resurfacing,Completed,24-02-2026,10-03-2026,GCC/ROAD/2026/7400,696964,No,No,N/A,Synthetic prototype intervention record
EVT_001053,RD_00486,22-08-2026,Utility_Excavation,Chennai Metro Water,Contractor_01,Utility excavation and restoration,Completed,22-08-2026,26-08-2026,GCC/ROAD/2026/9575,485368,Yes,Yes,Yes,Synthetic prototype intervention record
EVT_001054,RD_00373,23-02-2026,Road_Repair,GCC Roads,Contractor_02,Drainage maintenance,Completed,23-02-2026,03-03-2026,GCC/ROAD/2026/9632,683027,No,No,N/A,Synthetic prototype intervention record
EVT_001055,RD_00690,12-02-2026,Road_Repair,GCC Roads,Contractor_11,Surface repair and maintenance,Completed,12-02-2026,23-02-2026,GCC/ROAD/2026/9706,679479,No,No,N/A,Synthetic prototype intervention record
EVT_001056,RD_00871,04-02-2026,Utility_Work,Chennai Metro Water,Contractor_04,Road resurfacing,Completed,04-02-2026,16-02-2026,GCC/ROAD/2026/4372,416590,Yes,Yes,Yes,Synthetic prototype intervention record
EVT_001057,RD_00856,07-01-2026,Road_Repair,GCC Roads,Contractor_27,Drainage maintenance,Completed,07-01-2026,09-01-2026,GCC/ROAD/2026/6471,39455,No,No,N/A,Synthetic prototype intervention record
EVT_001058,RD_00534,13-07-2026,Utility_Work,Chennai Metro Water,Contractor_15,Pothole filling,Completed,13-07-2026,21-07-2026,GCC/ROAD/2026/6659,506116,Yes,Yes,Yes,Synthetic prototype intervention record
EVT_001059,RD_00181,26-01-2026,Resurfacing,GCC Roads,Contractor_13,Emergency road repair,Completed,26-01-2026,04-02-2026,GCC/ROAD/2026/7672,652622,No,No,N/A,Synthetic prototype intervention record
EVT_001060,RD_00100,22-05-2026,Construction,Other Utility Agency,Contractor_13,Pothole filling,Completed,22-05-2026,29-05-2026,GCC/ROAD/2026/6486,706972,No,No,N/A,Synthetic prototype intervention record
EVT_001061,RD_00521,31-01-2026,Road_Repair,GCC Roads,Contractor_23,Utility excavation and restoration,Completed,31-01-2026,07-02-2026,GCC/ROAD/2026/3756,346216,No,No,N/A,Synthetic prototype intervention record
EVT_001062,RD_00097,04-05-2026,Utility_Work,Telecom Utility,Contractor_04,Utility excavation and restoration,Completed,04-05-2026,07-05-2026,GCC/ROAD/2026/3194,73589,Yes,Yes,No,Synthetic prototype intervention record
EVT_001063,RD_00941,09-03-2026,Emergency_Repair,GCC Roads,Contractor_14,Pothole filling,Completed,09-03-2026,23-03-2026,GCC/ROAD/2026/4546,705026,No,No,N/A,Synthetic prototype intervention record
EVT_001064,RD_00068,25-07-2026,Road_Repair,GCC Roads,Contractor_25,Pothole filling,Completed,25-07-2026,26-07-2026,GCC/ROAD/2026/7936,683695,No,No,N/A,Synthetic prototype intervention record
EVT_001065,RD_00315,14-04-2026,Road_Repair,GCC Roads,Contractor_29,Surface repair and maintenance,Completed,14-04-2026,22-04-2026,GCC/ROAD/2026/6173,507707,No,No,N/A,Synthetic prototype intervention record
EVT_001066,RD_00752,21-01-2026,Road_Repair,GCC Roads,Contractor_21,Utility excavation and restoration,Completed,21-01-2026,26-01-2026,GCC/ROAD/2026/1832,91439,No,No,N/A,Synthetic prototype intervention record
EVT_001067,RD_00916,02-08-2026,Resurfacing,GCC Roads,Contractor_07,Road resurfacing,Completed,02-08-2026,14-08-2026,GCC/ROAD/2026/8733,706077,No,No,N/A,Synthetic prototype intervention record
EVT_001068,RD_00362,17-05-2026,Utility_Excavation,TANGEDCO,Contractor_19,Pothole filling,Completed,17-05-2026,21-05-2026,GCC/ROAD/2026/7633,367761,Yes,Yes,Yes,Synthetic prototype intervention record
EVT_001069,RD_00763,15-07-2026,Resurfacing,GCC Roads,Contractor_08,Drainage maintenance,Completed,15-07-2026,16-07-2026,GCC/ROAD/2026/4421,606567,No,No,N/A,Synthetic prototype intervention record
EVT_001070,RD_00335,29-08-2026,Resurfacing,GCC Roads,Contractor_26,Surface repair and maintenance,Completed,29-08-2026,04-09-2026,GCC/ROAD/2026/1327,485629,No,No,N/A,Synthetic prototype intervention record
EVT_001071,RD_00730,06-02-2026,Emergency_Repair,GCC Roads,Contractor_12,Road resurfacing,Completed,06-02-2026,13-02-2026,GCC/ROAD/2026/1422,646078,No,No,N/A,Synthetic prototype intervention record
EVT_001072,RD_00629,28-08-2026,Road_Restoration,TANGEDCO,Contractor_09,Surface repair and maintenance,Completed,28-08-2026,03-09-2026,GCC/ROAD/2026/6074,105263,No,No,N/A,Synthetic prototype intervention record
EVT_001073,RD_00971,25-06-2026,Resurfacing,GCC Roads,Contractor_10,Utility excavation and restoration,Completed,25-06-2026,03-07-2026,GCC/ROAD/2026/4422,521215,No,No,N/A,Synthetic prototype intervention record
EVT_001074,RD_00664,03-07-2026,Pothole_Repair,GCC Roads,Contractor_01,Utility excavation and restoration,Completed,03-07-2026,14-07-2026,GCC/ROAD/2026/6034,110445,No,No,N/A,Synthetic prototype intervention record
EVT_001075,RD_00736,12-05-2026,Road_Cutting,Telecom Utility,Contractor_04,Road resurfacing,Completed,12-05-2026,13-05-2026,GCC/ROAD/2026/3488,645975,Yes,Yes,Yes,Synthetic prototype intervention record
EVT_001076,RD_00581,27-02-2026,Road_Repair,GCC Roads,Contractor_02,Pothole filling,Completed,27-02-2026,10-03-2026,GCC/ROAD/2026/8436,427103,No,No,N/A,Synthetic prototype intervention record
EVT_001077,RD_00320,23-02-2026,Construction,TANGEDCO,Contractor_30,Utility excavation and restoration,Completed,23-02-2026,25-02-2026,GCC/ROAD/2026/4728,528562,No,No,N/A,Synthetic prototype intervention record
EVT_001078,RD_00363,19-07-2026,Drainage_Work,Chennai Metro Water,Contractor_12,Road resurfacing,Completed,19-07-2026,01-08-2026,GCC/ROAD/2026/1692,329803,No,No,N/A,Synthetic prototype intervention record
EVT_001079,RD_00674,15-05-2026,Drainage_Work,Chennai Metro Water,Contractor_14,Emergency road repair,Completed,15-05-2026,22-05-2026,GCC/ROAD/2026/4180,443986,No,No,N/A,Synthetic prototype intervention record
EVT_001080,RD_00071,16-06-2026,Utility_Work,Other Utility Agency,Contractor_27,Pothole filling,Completed,16-06-2026,29-06-2026,GCC/ROAD/2026/2041,282218,Yes,Yes,Yes,Synthetic prototype intervention record
EVT_001081,RD_00304,12-01-2026,Utility_Excavation,Other Utility Agency,Contractor_15,Road resurfacing,Completed,12-01-2026,26-01-2026,GCC/ROAD/2026/7153,532161,Yes,Yes,Yes,Synthetic prototype intervention record
EVT_001082,RD_00615,19-06-2026,Drainage_Work,TANGEDCO,Contractor_11,Road resurfacing,Completed,19-06-2026,24-06-2026,GCC/ROAD/2026/3780,327663,No,No,N/A,Synthetic prototype intervention record
EVT_001083,RD_00212,03-07-2026,Utility_Work,TANGEDCO,Contractor_17,Drainage maintenance,Completed,03-07-2026,11-07-2026,GCC/ROAD/2026/1629,146663,Yes,Yes,No,Synthetic prototype intervention record
EVT_001084,RD_00584,03-06-2026,Road_Restoration,Other Utility Agency,Contractor_26,Utility excavation and restoration,Completed,03-06-2026,13-06-2026,GCC/ROAD/2026/8202,163366,No,No,N/A,Synthetic prototype intervention record
EVT_001085,RD_00268,18-06-2026,Utility_Excavation,Other Utility Agency,Contractor_15,Emergency road repair,Completed,18-06-2026,22-06-2026,GCC/ROAD/2026/4331,214353,Yes,Yes,Yes,Synthetic prototype intervention record
EVT_001086,RD_00203,30-06-2026,Road_Repair,GCC Roads,Contractor_10,Emergency road repair,Completed,30-06-2026,09-07-2026,GCC/ROAD/2026/1444,458533,No,No,N/A,Synthetic prototype intervention record
EVT_001087,RD_00398,27-01-2026,Utility_Excavation,Chennai Metro Water,Contractor_01,Emergency road repair,Completed,27-01-2026,08-02-2026,GCC/ROAD/2026/4737,482697,Yes,Yes,Yes,Synthetic prototype intervention record
EVT_001088,RD_00276,02-06-2026,Pothole_Repair,GCC Roads,Contractor_22,Road resurfacing,Completed,02-06-2026,08-06-2026,GCC/ROAD/2026/2276,256529,No,No,N/A,Synthetic prototype intervention record
EVT_001089,RD_00796,03-01-2026,Road_Repair,GCC Roads,Contractor_09,Emergency road repair,Completed,03-01-2026,14-01-2026,GCC/ROAD/2026/9276,584830,No,No,N/A,Synthetic prototype intervention record
EVT_001090,RD_00971,20-01-2026,Road_Repair,GCC Roads,Contractor_14,Road resurfacing,Completed,20-01-2026,25-01-2026,GCC/ROAD/2026/3588,424019,No,No,N/A,Synthetic prototype intervention record
EVT_001091,RD_00062,26-05-2026,Drainage_Work,Other Utility Agency,Contractor_20,Utility excavation and restoration,Completed,26-05-2026,31-05-2026,GCC/ROAD/2026/6061,648943,No,No,N/A,Synthetic prototype intervention record
EVT_001092,RD_00059,02-03-2026,Resurfacing,GCC Roads,Contractor_21,Pothole filling,Completed,02-03-2026,11-03-2026,GCC/ROAD/2026/1758,577516,No,No,N/A,Synthetic prototype intervention record
EVT_001093,RD_00527,11-07-2026,Road_Cutting,Other Utility Agency,Contractor_05,Drainage maintenance,Completed,11-07-2026,15-07-2026,GCC/ROAD/2026/9572,545031,Yes,Yes,Yes,Synthetic prototype intervention record
EVT_001094,RD_00056,21-07-2026,Road_Cutting,Chennai Metro Water,Contractor_23,Surface repair and maintenance,Completed,21-07-2026,25-07-2026,GCC/ROAD/2026/6300,330923,Yes,Yes,No,Synthetic prototype intervention record
EVT_001095,RD_00784,15-02-2026,Pothole_Repair,GCC Roads,Contractor_22,Pothole filling,Completed,15-02-2026,20-02-2026,GCC/ROAD/2026/3014,721536,No,No,N/A,Synthetic prototype intervention record
EVT_001096,RD_00877,14-06-2026,Utility_Work,Chennai Metro Water,Contractor_04,Pothole filling,Completed,14-06-2026,26-06-2026,GCC/ROAD/2026/5271,297317,Yes,Yes,Yes,Synthetic prototype intervention record
EVT_001097,RD_00983,20-04-2026,Pothole_Repair,GCC Roads,Contractor_08,Drainage maintenance,Completed,20-04-2026,23-04-2026,GCC/ROAD/2026/7056,399781,No,No,N/A,Synthetic prototype intervention record
EVT_001098,RD_00911,29-01-2026,Pothole_Repair,GCC Roads,Contractor_16,Emergency road repair,Completed,29-01-2026,10-02-2026,GCC/ROAD/2026/2112,727747,No,No,N/A,Synthetic prototype intervention record
EVT_001099,RD_00413,11-02-2026,Road_Repair,GCC Roads,Contractor_05,Surface repair and maintenance,Completed,11-02-2026,20-02-2026,GCC/ROAD/2026/8606,456207,No,No,N/A,Synthetic prototype intervention record
EVT_001100,RD_00425,23-02-2026,Resurfacing,GCC Roads,Contractor_08,Road resurfacing,Completed,23-02-2026,24-02-2026,GCC/ROAD/2026/9405,108299,No,No,N/A,Synthetic prototype intervention record
EVT_001101,RD_00312,21-05-2026,Resurfacing,GCC Roads,Contractor_21,Road resurfacing,Completed,21-05-2026,29-05-2026,GCC/ROAD/2026/9349,716318,No,No,N/A,Synthetic prototype intervention record
EVT_001102,RD_00350,24-01-2026,Utility_Excavation,Telecom Utility,Contractor_01,Road resurfacing,Completed,24-01-2026,29-01-2026,GCC/ROAD/2026/6274,383828,Yes,Yes,Yes,Synthetic prototype intervention record
EVT_001103,RD_00524,17-08-2026,Road_Restoration,Telecom Utility,Contractor_10,Utility excavation and restoration,Completed,17-08-2026,18-08-2026,GCC/ROAD/2026/2776,88510,No,No,N/A,Synthetic prototype intervention record
EVT_001104,RD_00627,20-01-2026,Road_Repair,GCC Roads,Contractor_18,Drainage maintenance,Completed,20-01-2026,22-01-2026,GCC/ROAD/2026/5254,458476,No,No,N/A,Synthetic prototype intervention record
EVT_001105,RD_00702,26-06-2026,Utility_Work,TANGEDCO,Contractor_04,Road resurfacing,Completed,26-06-2026,30-06-2026,GCC/ROAD/2026/9841,651136,Yes,Yes,Yes,Synthetic prototype intervention record
EVT_001106,RD_00613,28-02-2026,Utility_Excavation,Other Utility Agency,Contractor_01,Drainage maintenance,Completed,28-02-2026,05-03-2026,GCC/ROAD/2026/6680,69726,Yes,Yes,Yes,Synthetic prototype intervention record
EVT_001107,RD_00377,20-01-2026,Utility_Excavation,TANGEDCO,Contractor_29,Drainage maintenance,Completed,20-01-2026,24-01-2026,GCC/ROAD/2026/9477,461965,Yes,Yes,Yes,Synthetic prototype intervention record
EVT_001108,RD_00312,26-04-2026,Road_Repair,GCC Roads,Contractor_09,Utility excavation and restoration,Completed,26-04-2026,03-05-2026,GCC/ROAD/2026/9564,486827,No,No,N/A,Synthetic prototype intervention record
EVT_001109,RD_00586,17-05-2026,Road_Restoration,Other Utility Agency,Contractor_27,Surface repair and maintenance,Completed,17-05-2026,24-05-2026,GCC/ROAD/2026/7363,473122,No,No,N/A,Synthetic prototype intervention record
EVT_001110,RD_00642,03-02-2026,Drainage_Work,Telecom Utility,Contractor_19,Pothole filling,Completed,03-02-2026,16-02-2026,GCC/ROAD/2026/7245,66710,No,No,N/A,Synthetic prototype intervention record
EVT_001111,RD_00177,21-05-2026,Road_Repair,GCC Roads,Contractor_10,Emergency road repair,Completed,21-05-2026,01-06-2026,GCC/ROAD/2026/1759,711559,No,No,N/A,Synthetic prototype intervention record
EVT_001112,RD_00543,11-06-2026,Resurfacing,GCC Roads,Contractor_26,Road resurfacing,Completed,11-06-2026,25-06-2026,GCC/ROAD/2026/8361,341334,No,No,N/A,Synthetic prototype intervention record
EVT_001113,RD_00291,06-07-2026,Resurfacing,GCC Roads,Contractor_19,Pothole filling,Completed,06-07-2026,11-07-2026,GCC/ROAD/2026/6833,472640,No,No,N/A,Synthetic prototype intervention record
EVT_001114,RD_00245,05-02-2026,Road_Restoration,TANGEDCO,Contractor_16,Utility excavation and restoration,Completed,05-02-2026,19-02-2026,GCC/ROAD/2026/9001,461054,No,No,N/A,Synthetic prototype intervention record
EVT_001115,RD_00675,19-06-2026,Road_Repair,GCC Roads,Contractor_04,Utility excavation and restoration,Completed,19-06-2026,20-06-2026,GCC/ROAD/2026/3249,470360,No,No,N/A,Synthetic prototype intervention record
EVT_001116,RD_00997,05-02-2026,Road_Repair,GCC Roads,Contractor_05,Utility excavation and restoration,Completed,05-02-2026,10-02-2026,GCC/ROAD/2026/8619,627368,No,No,N/A,Synthetic prototype intervention record
EVT_001117,RD_00132,04-03-2026,Drainage_Work,TANGEDCO,Contractor_10,Drainage maintenance,Completed,04-03-2026,08-03-2026,GCC/ROAD/2026/5034,505198,No,No,N/A,Synthetic prototype intervention record
EVT_001118,RD_00931,12-05-2026,Construction,Telecom Utility,Contractor_11,Road resurfacing,Completed,12-05-2026,13-05-2026,GCC/ROAD/2026/4974,258101,No,No,N/A,Synthetic prototype intervention record
EVT_001119,RD_00701,01-09-2026,Road_Cutting,Telecom Utility,Contractor_12,Road resurfacing,Completed,01-09-2026,04-09-2026,GCC/ROAD/2026/2069,161820,Yes,Yes,Yes,Synthetic prototype intervention record
EVT_001120,RD_00573,19-01-2026,Resurfacing,GCC Roads,Contractor_24,Surface repair and maintenance,Completed,19-01-2026,23-01-2026,GCC/ROAD/2026/4978,332755,No,No,N/A,Synthetic prototype intervention record
EVT_001121,RD_00105,03-01-2026,Road_Repair,GCC Roads,Contractor_14,Emergency road repair,Completed,03-01-2026,07-01-2026,GCC/ROAD/2026/7837,614974,No,No,N/A,Synthetic prototype intervention record
EVT_001122,RD_00343,14-08-2026,Road_Repair,GCC Roads,Contractor_05,Drainage maintenance,Completed,14-08-2026,19-08-2026,GCC/ROAD/2026/4300,94231,No,No,N/A,Synthetic prototype intervention record
EVT_001123,RD_00539,11-06-2026,Road_Repair,GCC Roads,Contractor_11,Pothole filling,Completed,11-06-2026,23-06-2026,GCC/ROAD/2026/2677,450685,No,No,N/A,Synthetic prototype intervention record
EVT_001124,RD_00089,12-03-2026,Pothole_Repair,GCC Roads,Contractor_06,Pothole filling,Completed,12-03-2026,17-03-2026,GCC/ROAD/2026/9470,290858,No,No,N/A,Synthetic prototype intervention record
EVT_001125,RD_00904,18-03-2026,Road_Repair,GCC Roads,Contractor_30,Road resurfacing,Completed,18-03-2026,19-03-2026,GCC/ROAD/2026/7931,735127,No,No,N/A,Synthetic prototype intervention record
EVT_001126,RD_00924,28-04-2026,Road_Cutting,TANGEDCO,Contractor_12,Surface repair and maintenance,Completed,28-04-2026,09-05-2026,GCC/ROAD/2026/8371,439248,Yes,Yes,No,Synthetic prototype intervention record
EVT_001127,RD_00729,11-08-2026,Drainage_Work,TANGEDCO,Contractor_15,Pothole filling,Completed,11-08-2026,16-08-2026,GCC/ROAD/2026/2367,92167,No,No,N/A,Synthetic prototype intervention record
EVT_001128,RD_00534,16-08-2026,Road_Restoration,Other Utility Agency,Contractor_06,Pothole filling,Completed,16-08-2026,26-08-2026,GCC/ROAD/2026/9324,87357,No,No,N/A,Synthetic prototype intervention record
EVT_001129,RD_00112,24-08-2026,Resurfacing,GCC Roads,Contractor_15,Utility excavation and restoration,Completed,24-08-2026,25-08-2026,GCC/ROAD/2026/2994,482094,No,No,N/A,Synthetic prototype intervention record
EVT_001130,RD_00349,17-04-2026,Road_Cutting,Other Utility Agency,Contractor_05,Utility excavation and restoration,Completed,17-04-2026,23-04-2026,GCC/ROAD/2026/2791,290978,Yes,Yes,Yes,Synthetic prototype intervention record
EVT_001131,RD_00647,26-04-2026,Resurfacing,GCC Roads,Contractor_23,Utility excavation and restoration,Completed,26-04-2026,04-05-2026,GCC/ROAD/2026/7714,503729,No,No,N/A,Synthetic prototype intervention record
EVT_001132,RD_00560,01-03-2026,Drainage_Work,TANGEDCO,Contractor_17,Emergency road repair,Completed,01-03-2026,14-03-2026,GCC/ROAD/2026/3330,480430,No,No,N/A,Synthetic prototype intervention record
EVT_001133,RD_00375,17-04-2026,Utility_Work,Chennai Metro Water,Contractor_08,Utility excavation and restoration,Completed,17-04-2026,18-04-2026,GCC/ROAD/2026/9070,299788,Yes,Yes,Yes,Synthetic prototype intervention record
EVT_001134,RD_00640,05-04-2026,Road_Restoration,TANGEDCO,Contractor_15,Pothole filling,Completed,05-04-2026,06-04-2026,GCC/ROAD/2026/4815,680241,No,No,N/A,Synthetic prototype intervention record
EVT_001135,RD_00540,19-01-2026,Resurfacing,GCC Roads,Contractor_16,Road resurfacing,Completed,19-01-2026,01-02-2026,GCC/ROAD/2026/7500,392573,No,No,N/A,Synthetic prototype intervention record
EVT_001136,RD_00049,09-08-2026,Road_Repair,GCC Roads,Contractor_21,Utility excavation and restoration,Completed,09-08-2026,18-08-2026,GCC/ROAD/2026/6935,176148,No,No,N/A,Synthetic prototype intervention record
EVT_001137,RD_00090,01-06-2026,Utility_Work,Telecom Utility,Contractor_12,Drainage maintenance,Completed,01-06-2026,13-06-2026,GCC/ROAD/2026/6471,624076,Yes,Yes,Yes,Synthetic prototype intervention record
EVT_001138,RD_00044,01-05-2026,Pothole_Repair,GCC Roads,Contractor_09,Pothole filling,Completed,01-05-2026,05-05-2026,GCC/ROAD/2026/8292,242611,No,No,N/A,Synthetic prototype intervention record
EVT_001139,RD_00911,12-08-2026,Road_Cutting,Other Utility Agency,Contractor_16,Pothole filling,Completed,12-08-2026,23-08-2026,GCC/ROAD/2026/9414,331635,Yes,Yes,Yes,Synthetic prototype intervention record
EVT_001140,RD_00125,02-05-2026,Utility_Excavation,Telecom Utility,Contractor_03,Drainage maintenance,Completed,02-05-2026,11-05-2026,GCC/ROAD/2026/2797,463793,Yes,Yes,Yes,Synthetic prototype intervention record
EVT_001141,RD_00224,27-07-2026,Resurfacing,GCC Roads,Contractor_29,Emergency road repair,Completed,27-07-2026,31-07-2026,GCC/ROAD/2026/5376,669112,No,No,N/A,Synthetic prototype intervention record
EVT_001142,RD_00897,31-03-2026,Road_Repair,GCC Roads,Contractor_26,Pothole filling,Completed,31-03-2026,05-04-2026,GCC/ROAD/2026/8141,711130,No,No,N/A,Synthetic prototype intervention record
EVT_001143,RD_00431,26-04-2026,Utility_Work,TANGEDCO,Contractor_30,Emergency road repair,Completed,26-04-2026,05-05-2026,GCC/ROAD/2026/9097,354864,Yes,Yes,Yes,Synthetic prototype intervention record
EVT_001144,RD_00338,22-08-2026,Resurfacing,GCC Roads,Contractor_02,Utility excavation and restoration,Completed,22-08-2026,27-08-2026,GCC/ROAD/2026/6578,188858,No,No,N/A,Synthetic prototype intervention record
EVT_001145,RD_00788,09-01-2026,Utility_Excavation,TANGEDCO,Contractor_18,Utility excavation and restoration,Completed,09-01-2026,12-01-2026,GCC/ROAD/2026/2663,309772,Yes,Yes,Yes,Synthetic prototype intervention record
EVT_001146,RD_00024,17-02-2026,Drainage_Work,TANGEDCO,Contractor_24,Emergency road repair,Completed,17-02-2026,27-02-2026,GCC/ROAD/2026/4611,520327,No,No,N/A,Synthetic prototype intervention record
EVT_001147,RD_00338,06-08-2026,Emergency_Repair,GCC Roads,Contractor_25,Emergency road repair,Completed,06-08-2026,15-08-2026,GCC/ROAD/2026/5475,230701,No,No,N/A,Synthetic prototype intervention record
EVT_001148,RD_00994,07-06-2026,Construction,Other Utility Agency,Contractor_27,Surface repair and maintenance,Completed,07-06-2026,17-06-2026,GCC/ROAD/2026/1037,501596,No,No,N/A,Synthetic prototype intervention record
EVT_001149,RD_00001,30-01-2026,Road_Restoration,TANGEDCO,Contractor_14,Emergency road repair,Completed,30-01-2026,07-02-2026,GCC/ROAD/2026/1076,549417,No,No,N/A,Synthetic prototype intervention record
EVT_001150,RD_00350,06-03-2026,Road_Cutting,Telecom Utility,Contractor_01,Emergency road repair,Completed,06-03-2026,15-03-2026,GCC/ROAD/2026/6743,331920,Yes,Yes,Yes,Synthetic prototype intervention record
EVT_001151,RD_00200,12-08-2026,Drainage_Work,TANGEDCO,Contractor_10,Road resurfacing,Completed,12-08-2026,14-08-2026,GCC/ROAD/2026/7801,147056,No,No,N/A,Synthetic prototype intervention record
EVT_001152,RD_00905,24-05-2026,Resurfacing,GCC Roads,Contractor_17,Road resurfacing,Completed,24-05-2026,06-06-2026,GCC/ROAD/2026/9578,267524,No,No,N/A,Synthetic prototype intervention record
EVT_001153,RD_00961,24-08-2026,Road_Repair,GCC Roads,Contractor_14,Pothole filling,Completed,24-08-2026,28-08-2026,GCC/ROAD/2026/5556,242195,No,No,N/A,Synthetic prototype intervention record
EVT_001154,RD_00308,12-06-2026,Resurfacing,GCC Roads,Contractor_12,Road resurfacing,Completed,12-06-2026,15-06-2026,GCC/ROAD/2026/3071,707815,No,No,N/A,Synthetic prototype intervention record
EVT_001155,RD_00642,19-04-2026,Road_Repair,GCC Roads,Contractor_13,Emergency road repair,Completed,19-04-2026,24-04-2026,GCC/ROAD/2026/6289,26054,No,No,N/A,Synthetic prototype intervention record
EVT_001156,RD_00009,11-05-2026,Resurfacing,GCC Roads,Contractor_18,Surface repair and maintenance,Completed,11-05-2026,21-05-2026,GCC/ROAD/2026/7569,340052,No,No,N/A,Synthetic prototype intervention record
EVT_001157,RD_00044,11-03-2026,Drainage_Work,Telecom Utility,Contractor_13,Drainage maintenance,Completed,11-03-2026,14-03-2026,GCC/ROAD/2026/6562,165918,No,No,N/A,Synthetic prototype intervention record
EVT_001158,RD_00991,01-01-2026,Drainage_Work,Other Utility Agency,Contractor_17,Drainage maintenance,Completed,01-01-2026,07-01-2026,GCC/ROAD/2026/6909,453221,No,No,N/A,Synthetic prototype intervention record
EVT_001159,RD_00950,14-05-2026,Emergency_Repair,GCC Roads,Contractor_11,Pothole filling,Completed,14-05-2026,18-05-2026,GCC/ROAD/2026/3856,704969,No,No,N/A,Synthetic prototype intervention record
EVT_001160,RD_00369,22-03-2026,Road_Cutting,TANGEDCO,Contractor_01,Utility excavation and restoration,Completed,22-03-2026,27-03-2026,GCC/ROAD/2026/1809,440842,Yes,Yes,Yes,Synthetic prototype intervention record
EVT_001161,RD_00989,21-08-2026,Road_Restoration,Other Utility Agency,Contractor_07,Surface repair and maintenance,Completed,21-08-2026,02-09-2026,GCC/ROAD/2026/8985,213181,No,No,N/A,Synthetic prototype intervention record
EVT_001162,RD_00890,10-08-2026,Utility_Work,Other Utility Agency,Contractor_10,Pothole filling,Completed,10-08-2026,20-08-2026,GCC/ROAD/2026/3959,216914,Yes,Yes,No,Synthetic prototype intervention record
EVT_001163,RD_00081,14-04-2026,Pothole_Repair,GCC Roads,Contractor_07,Surface repair and maintenance,Completed,14-04-2026,15-04-2026,GCC/ROAD/2026/8923,35731,No,No,N/A,Synthetic prototype intervention record
EVT_001164,RD_00030,24-07-2026,Resurfacing,GCC Roads,Contractor_13,Surface repair and maintenance,Completed,24-07-2026,02-08-2026,GCC/ROAD/2026/3183,361997,No,No,N/A,Synthetic prototype intervention record
EVT_001165,RD_00316,12-05-2026,Utility_Work,Telecom Utility,Contractor_01,Surface repair and maintenance,Completed,12-05-2026,13-05-2026,GCC/ROAD/2026/9783,742112,Yes,Yes,Yes,Synthetic prototype intervention record
EVT_001166,RD_00264,01-08-2026,Construction,Telecom Utility,Contractor_03,Utility excavation and restoration,Completed,01-08-2026,07-08-2026,GCC/ROAD/2026/9303,103370,No,No,N/A,Synthetic prototype intervention record
EVT_001167,RD_00500,13-07-2026,Road_Cutting,Chennai Metro Water,Contractor_15,Road resurfacing,Completed,13-07-2026,17-07-2026,GCC/ROAD/2026/8129,149897,Yes,Yes,No,Synthetic prototype intervention record
EVT_001168,RD_00309,03-02-2026,Road_Repair,GCC Roads,Contractor_22,Utility excavation and restoration,Completed,03-02-2026,15-02-2026,GCC/ROAD/2026/5346,466779,No,No,N/A,Synthetic prototype intervention record
EVT_001169,RD_00037,05-01-2026,Road_Cutting,TANGEDCO,Contractor_17,Surface repair and maintenance,Completed,05-01-2026,08-01-2026,GCC/ROAD/2026/2296,551896,Yes,Yes,Yes,Synthetic prototype intervention record
EVT_001170,RD_00334,04-04-2026,Utility_Work,Chennai Metro Water,Contractor_04,Pothole filling,Completed,04-04-2026,08-04-2026,GCC/ROAD/2026/1377,424372,Yes,Yes,Yes,Synthetic prototype intervention record
EVT_001171,RD_00267,24-01-2026,Road_Cutting,Other Utility Agency,Contractor_07,Drainage maintenance,Completed,24-01-2026,02-02-2026,GCC/ROAD/2026/7910,488413,Yes,Yes,Yes,Synthetic prototype intervention record
EVT_001172,RD_00297,21-01-2026,Utility_Excavation,Telecom Utility,Contractor_08,Pothole filling,Completed,21-01-2026,23-01-2026,GCC/ROAD/2026/9376,125071,Yes,Yes,Yes,Synthetic prototype intervention record
EVT_001173,RD_00301,28-03-2026,Pothole_Repair,GCC Roads,Contractor_08,Emergency road repair,Completed,28-03-2026,07-04-2026,GCC/ROAD/2026/7911,217308,No,No,N/A,Synthetic prototype intervention record
EVT_001174,RD_00281,03-04-2026,Drainage_Work,TANGEDCO,Contractor_16,Drainage maintenance,Completed,03-04-2026,08-04-2026,GCC/ROAD/2026/8032,635218,No,No,N/A,Synthetic prototype intervention record
EVT_001175,RD_00373,12-08-2026,Drainage_Work,TANGEDCO,Contractor_22,Road resurfacing,Completed,12-08-2026,19-08-2026,GCC/ROAD/2026/8961,636844,No,No,N/A,Synthetic prototype intervention record
EVT_001176,RD_00575,09-04-2026,Road_Repair,GCC Roads,Contractor_05,Pothole filling,Completed,09-04-2026,22-04-2026,GCC/ROAD/2026/2094,601424,No,No,N/A,Synthetic prototype intervention record
EVT_001177,RD_00471,24-05-2026,Utility_Work,Chennai Metro Water,Contractor_20,Surface repair and maintenance,Completed,24-05-2026,07-06-2026,GCC/ROAD/2026/1322,498538,Yes,Yes,Yes,Synthetic prototype intervention record
EVT_001178,RD_00128,08-06-2026,Emergency_Repair,GCC Roads,Contractor_16,Pothole filling,Completed,08-06-2026,09-06-2026,GCC/ROAD/2026/7888,212400,No,No,N/A,Synthetic prototype intervention record
EVT_001179,RD_00413,12-08-2026,Road_Repair,GCC Roads,Contractor_28,Pothole filling,Completed,12-08-2026,15-08-2026,GCC/ROAD/2026/7868,276948,No,No,N/A,Synthetic prototype intervention record
EVT_001180,RD_00292,11-03-2026,Road_Restoration,Other Utility Agency,Contractor_28,Emergency road repair,Completed,11-03-2026,18-03-2026,GCC/ROAD/2026/8236,296037,No,No,N/A,Synthetic prototype intervention record
EVT_001181,RD_00207,06-04-2026,Road_Restoration,Telecom Utility,Contractor_02,Road resurfacing,Completed,06-04-2026,14-04-2026,GCC/ROAD/2026/6725,308363,No,No,N/A,Synthetic prototype intervention record
EVT_001182,RD_00915,01-09-2026,Drainage_Work,Telecom Utility,Contractor_23,Utility excavation and restoration,Completed,01-09-2026,09-09-2026,GCC/ROAD/2026/5995,343060,No,No,N/A,Synthetic prototype intervention record
EVT_001183,RD_00364,24-07-2026,Resurfacing,GCC Roads,Contractor_24,Drainage maintenance,Completed,24-07-2026,27-07-2026,GCC/ROAD/2026/1581,628409,No,No,N/A,Synthetic prototype intervention record
EVT_001184,RD_00320,01-05-2026,Resurfacing,GCC Roads,Contractor_13,Pothole filling,Completed,01-05-2026,13-05-2026,GCC/ROAD/2026/5181,26154,No,No,N/A,Synthetic prototype intervention record
EVT_001185,RD_00131,24-04-2026,Road_Repair,GCC Roads,Contractor_20,Utility excavation and restoration,Completed,24-04-2026,27-04-2026,GCC/ROAD/2026/8587,45417,No,No,N/A,Synthetic prototype intervention record
EVT_001186,RD_00446,11-06-2026,Road_Restoration,Telecom Utility,Contractor_06,Pothole filling,Completed,11-06-2026,19-06-2026,GCC/ROAD/2026/3354,571648,No,No,N/A,Synthetic prototype intervention record
EVT_001187,RD_00844,26-03-2026,Drainage_Work,Telecom Utility,Contractor_07,Surface repair and maintenance,Completed,26-03-2026,30-03-2026,GCC/ROAD/2026/3926,637066,No,No,N/A,Synthetic prototype intervention record
EVT_001188,RD_00808,20-05-2026,Road_Cutting,Telecom Utility,Contractor_01,Road resurfacing,Completed,20-05-2026,27-05-2026,GCC/ROAD/2026/9856,327072,Yes,Yes,Yes,Synthetic prototype intervention record
EVT_001189,RD_00624,07-02-2026,Utility_Work,TANGEDCO,Contractor_17,Surface repair and maintenance,Completed,07-02-2026,17-02-2026,GCC/ROAD/2026/1397,179973,Yes,Yes,Yes,Synthetic prototype intervention record
EVT_001190,RD_00294,12-01-2026,Pothole_Repair,GCC Roads,Contractor_15,Utility excavation and restoration,Completed,12-01-2026,24-01-2026,GCC/ROAD/2026/3709,658999,No,No,N/A,Synthetic prototype intervention record
EVT_001191,RD_00176,18-06-2026,Road_Restoration,Chennai Metro Water,Contractor_19,Pothole filling,Completed,18-06-2026,25-06-2026,GCC/ROAD/2026/2494,359360,No,No,N/A,Synthetic prototype intervention record
EVT_001192,RD_00603,19-03-2026,Pothole_Repair,GCC Roads,Contractor_03,Utility excavation and restoration,Completed,19-03-2026,21-03-2026,GCC/ROAD/2026/1135,716099,No,No,N/A,Synthetic prototype intervention record
EVT_001193,RD_00839,10-05-2026,Road_Repair,GCC Roads,Contractor_06,Drainage maintenance,Completed,10-05-2026,18-05-2026,GCC/ROAD/2026/6224,584399,No,No,N/A,Synthetic prototype intervention record
EVT_001194,RD_00445,03-06-2026,Road_Repair,GCC Roads,Contractor_30,Surface repair and maintenance,Completed,03-06-2026,12-06-2026,GCC/ROAD/2026/6738,118136,No,No,N/A,Synthetic prototype intervention record
EVT_001195,RD_00680,12-08-2026,Emergency_Repair,GCC Roads,Contractor_23,Surface repair and maintenance,Completed,12-08-2026,17-08-2026,GCC/ROAD/2026/2242,239751,No,No,N/A,Synthetic prototype intervention record
EVT_001196,RD_00063,22-01-2026,Utility_Work,Telecom Utility,Contractor_10,Pothole filling,Completed,22-01-2026,04-02-2026,GCC/ROAD/2026/9458,469461,Yes,Yes,Yes,Synthetic prototype intervention record
EVT_001197,RD_00025,09-01-2026,Road_Cutting,TANGEDCO,Contractor_11,Drainage maintenance,Completed,09-01-2026,23-01-2026,GCC/ROAD/2026/6681,591927,Yes,Yes,Yes,Synthetic prototype intervention record
EVT_001198,RD_00989,19-07-2026,Resurfacing,GCC Roads,Contractor_08,Pothole filling,Completed,19-07-2026,23-07-2026,GCC/ROAD/2026/5335,478849,No,No,N/A,Synthetic prototype intervention record
EVT_001199,RD_00238,30-08-2026,Road_Restoration,Telecom Utility,Contractor_19,Road resurfacing,Completed,30-08-2026,10-09-2026,GCC/ROAD/2026/5162,204383,No,No,N/A,Synthetic prototype intervention record
EVT_001200,RD_00394,10-05-2026,Road_Repair,GCC Roads,Contractor_28,Drainage maintenance,Completed,10-05-2026,11-05-2026,GCC/ROAD/2026/2506,39175,No,No,N/A,Synthetic prototype intervention record
